01/01/2010,0.3,0.3,22,6
02/01/2010,18.5,0.2,22,8
03/01/2010,5,0.3,21,5
04/01/2010,3,0.9,19,8
05/01/2010,3,0.2,17,8
06/01/2010,0,0.7,15,8
07/01/2010,3.5,2,19,5
08/01/2010,4.3,0.4,13,5
09/01/2010,3,0.2,18,1
10/01/2010,1.5,0.6,16,1
11/01/2010,0.2,0.2,16,1
12/01/2010,1.2,0.2,16,2
13/01/2010,0.1,0.6,16,2
14/01/2010,0,5.5,23,2
15/01/2010,16,1,20,3
16/01/2010,1.5,1.3,23,8
17/01/2010,0,2,23,4
18/01/2010,0,3,22,4
19/01/2010,0,3.7,23,6
20/01/2010,0,4.8,27,4
21/01/2010,0,4.9,22,4
22/01/2010,0,6.5,22,4
23/01/2010,0,5.6,22,5
24/01/2010,0,2.9,27,7
25/01/2010,0.1,0.9,28,5
26/01/2010,0.4,0.9,14,5
27/01/2010,0,1.2,15,5
28/01/2010,0,3.2,21,5
29/01/2010,0,1.9,23,6
30/01/2010,9.5,0.2,17,8
31/01/2010,4.5,0.8,10,7
01/02/2010,10,1.3,12,4
02/02/2010,0,0.8,15,4
03/02/2010,0,0.3,21,9
04/02/2010,14,1,15,10
05/02/2010,0,2.4,18,9
06/02/2010,0,0.9,17,5
07/02/2010,0,11.7,16,4
08/02/2010,0,4.6,22,9
09/02/2010,3.6,0.1,22,7
10/02/2010,0.6,5.1,23,7
11/02/2010,0.1,0.8,26,7
12/02/2010,1,1.9,22,10
13/02/2010,1.3,1,19,8
14/02/2010,8.8,9.6,22,2
15/02/2010,2.2,6.5,22,2
16/02/2010,12.7,10.9,22,3
17/02/2010,3.3,9.1,22,2
18/02/2010,0,2.6,22,6
19/02/2010,0,3.3,22,2
20/02/2010,0,3.4,24,4
21/02/2010,0,2.5,24,7
22/02/2010,0,6.3,24,7
23/02/2010,1.5,5,26,11
24/02/2010,0,0.2,26,1
25/02/2010,0,2.7,26,3
26/02/2010,0,3,24,10
27/02/2010,0,4.9,23,12
28/02/2010,0,2.9,21,11
01/03/2010,0,4.9,26,3
02/03/2010,0.4,0.4,21,1
03/03/2010,1.2,1.3,22,1
04/03/2010,0.5,2.4,21,4
05/03/2010,0.3,6.1,19,3
06/03/2010,0.5,4.4,22,3
07/03/2010,0,3.4,22,4
08/03/2010,5,1.1,22,5
09/03/2010,6.5,0.7,21,6
10/03/2010,0,1.1,10,7
11/03/2010,0,0.3,15,5
12/03/2010,0.1,4.7,28,4
13/03/2010,0,6,28,5
14/03/2010,0,9.5,23,6
15/03/2010,0,3.8,23,4
16/03/2010,0,2.3,16,7
17/03/2010,0,2.8,20,5
18/03/2010,0.5,2.9,23,7
19/03/2010,8,6.6,27,3
20/03/2010,13.5,2.9,23,4
21/03/2010,5,2.7,23,3
22/03/2010,0,4,22,5
23/03/2010,0,4.2,21,5
24/03/2010,0,3.9,21,4
25/03/2010,0,7.1,23,4
26/03/2010,1.5,0.5,29,8
27/03/2010,2,1.2,30,6
28/03/2010,2.5,1.1,30,5
29/03/2010,13.8,4.7,23,3
30/03/2010,2.5,0.5,25,6
31/03/2010,0,8.1,21,10
01/04/2010,1.8,3,25,3
02/04/2010,0,1.8,21,6
03/04/2010,3,0.2,21,6
04/04/2010,1,2,21,4
05/04/2010,10,14,21,4
06/04/2010,0,0.7,21,3
07/04/2010,13.5,1.1,21,3
08/04/2010,14.2,1.5,21,4
09/04/2010,3,4.2,21,4
10/04/2010,1.5,0.6,21,4
11/04/2010,0.5,0.7,21,4
12/04/2010,10,3.4,23,6
13/04/2010,23,3.6,23,11
14/04/2010,5,6.7,20,9
15/04/2010,2.3,1.7,15,9
16/04/2010,13.5,0.9,20,10
17/04/2010,0.2,6,20,11
18/04/2010,0,1.9,22,11
19/04/2010,0.5,2.3,21,13
20/04/2010,0,0.9,19,9
21/04/2010,0,1,22,7
22/04/2010,0,1.3,28,11
23/04/2010,0,4.5,29,10
24/04/2010,0,3.3,27,13
25/04/2010,0,5.8,23,13
26/04/2010,0.3,3.2,26,8
27/04/2010,0,1.5,24,8
28/04/2010,0,4.6,19,7
29/04/2010,0,2.9,27,9
30/04/2010,0,8.1,30,12
01/05/2010,0,9.9,32,16
02/05/2010,0,9.6,31,17
03/05/2010,0,6.2,24,10
04/05/2010,0,3.8,24,11
05/05/2010,0,3.9,26,10
06/05/2010,0,5.5,25,9
07/05/2010,0,5.8,23,7
08/05/2010,0,4.4,22,8
09/05/2010,0,1.8,21,9
10/05/2010,0,4.8,20,10
11/05/2010,0,NaN,28,10
12/05/2010,0,NaN,28,15
13/05/2010,0,NaN,28,6
14/05/2010,0,3.2,28,7
15/05/2010,6.2,3,26,8
16/05/2010,0.1,5.9,23,6
17/05/2010,0,1.2,20,10
18/05/2010,0,5.2,23,10
19/05/2010,0,6.2,25,10
20/05/2010,0,6.3,28,11
21/05/2010,0,5.7,20,7
22/05/2010,0,3.7,18,8
23/05/2010,0,3.2,23,8
24/05/2010,0,7.3,22,11
25/05/2010,0,4,24,11
26/05/2010,0,2.6,23,11
27/05/2010,0,1.3,24,10
28/05/2010,0,2.2,24,11
29/05/2010,0,2,24,10
30/05/2010,0,3.7,21,10
31/05/2010,0,5.7,23,14
01/06/2010,0,3.4,24,12
02/06/2010,0,5.8,27,12
03/06/2010,0,5.7,22,12
04/06/2010,0.1,2.8,22,16
05/06/2010,0,6.7,28,15
06/06/2010,0.3,6.2,23,13
07/06/2010,10,8.9,22,14
08/06/2010,0,1.1,26,9
09/06/2010,0,4.1,22,5
10/06/2010,0,6.6,27,10
11/06/2010,0,5.3,26,10
12/06/2010,21.5,4.8,28,9
13/06/2010,0.5,3.1,22,10
14/06/2010,2.5,2.5,22,10
15/06/2010,1.5,1.5,22,10
16/06/2010,0.5,1.4,22,10
17/06/2010,0.7,4.6,20,10
18/06/2010,0,3.9,21,13
19/06/2010,7,0.4,22,11
20/06/2010,0,0.5,22,10
21/06/2010,0,0.7,22,11
22/06/2010,0,4.2,22,10
23/06/2010,0.3,3.3,23,10
24/06/2010,0.6,2,21,10
25/06/2010,0,0.9,21,10
26/06/2010,0,1,20,11
27/06/2010,0,2,23,12
28/06/2010,22,9,22,11
29/06/2010,24,3.7,23,13
30/06/2010,0,2,24,13
01/07/2010,0,5.1,28,13
02/07/2010,0.2,1.7,28,13
03/07/2010,0,2.4,23,12
04/07/2010,14.2,4.2,21,12
05/07/2010,1.5,5.6,26,13
06/07/2010,4.7,0.9,23,13
07/07/2010,45.5,0.4,26,13
08/07/2010,7,0.9,19,13
09/07/2010,0,4.2,19,15
10/07/2010,9.5,0.9,20,13
11/07/2010,1,0.7,19,12
12/07/2010,0.5,2.2,22,10
13/07/2010,0,2.7,21,10
14/07/2010,2,0.6,20,10
15/07/2010,0.5,0.7,20,11
16/07/2010,0.2,1,20,10
17/07/2010,1.2,0.4,22,10
18/07/2010,11.3,4.3,22,10
19/07/2010,17.5,3.6,21,14
20/07/2010,27.2,4,21,14
21/07/2010,32,1.8,21,14
22/07/2010,47.2,2,21,15
23/07/2010,13.2,0.2,21,15
24/07/2010,13.5,0.7,21,16
25/07/2010,6,1.6,21,15
26/07/2010,9.8,1,21,13
27/07/2010,4.7,3.6,21,12
28/07/2010,2,0.5,22,14
29/07/2010,3,3.3,21,12
30/07/2010,0,2.6,22,13
31/07/2010,0,2.9,22,14
01/08/2010,0,4.7,21,15
02/08/2010,1.1,1.2,21,10
03/08/2010,7.4,3.6,21,13
04/08/2010,10.3,2,21,9
05/08/2010,13.7,2.3,21,12
06/08/2010,0,3.9,21,14
07/08/2010,0.7,1.4,22,14
08/08/2010,7.4,1.8,21,13
09/08/2010,5.7,7.7,21,12
10/08/2010,3.4,7.4,21,13
11/08/2010,0.5,6,22,13
12/08/2010,15,0.7,21,12
13/08/2010,1.1,0.9,21,12
14/08/2010,0.1,3.4,21,16
15/08/2010,8.8,3.7,21,14
16/08/2010,32,1.8,25,13
17/08/2010,2,1.9,24,12
18/08/2010,0.1,1.1,24,12
19/08/2010,0,0.9,25,12
20/08/2010,0.2,0.5,25,10
21/08/2010,16.5,1,19,9
22/08/2010,29.1,0.8,21,13
23/08/2010,0.1,1.1,21,10
24/08/2010,2.8,2.3,21,9
25/08/2010,7.9,4.2,23,10
26/08/2010,2.8,1,22,10
27/08/2010,0,2.7,22,10
28/08/2010,0.1,2,22,11
29/08/2010,4.5,2.6,21,10
30/08/2010,7,0.5,19,10
31/08/2010,20.6,1.1,19,12
01/09/2010,0.1,2.3,21,12
02/09/2010,0.9,4.1,22,11
03/09/2010,35.2,4.3,21,12
04/09/2010,60.8,4.2,23,11
05/09/2010,41.2,2.1,23,12
06/09/2010,7.5,0.9,21,12
07/09/2010,2.6,2.3,23,14
08/09/2010,0,2.7,23,13
09/09/2010,0.5,2.9,24,11
10/09/2010,2.5,3.5,24,11
11/09/2010,0,5.1,24,10
12/09/2010,3.5,8.8,24,14
13/09/2010,5.7,1.9,24,12
14/09/2010,14.2,1,24,12
15/09/2010,8,2.9,24,12
16/09/2010,42.7,4.1,24,11
17/09/2010,183,NaN,24,11
18/09/2010,11.5,1.5,24,11
19/09/2010,1,0.4,24,11
20/09/2010,0.1,1.8,24,12
21/09/2010,0,3,24,11
22/09/2010,0,4.9,24,12
23/09/2010,5,1.1,24,13
24/09/2010,5,0.9,24,12
25/09/2010,29.5,2.6,24,11
26/09/2010,25,1,24,11
27/09/2010,69,1,24,11
28/09/2010,4,0.6,24,12
29/09/2010,NaN,NaN,NaN,5
30/09/2010,0,NaN,24,NaN
01/10/2010,0,4.8,24,5
02/10/2010,0.5,2.6,24,6
03/10/2010,10.9,0.2,24,10
04/10/2010,2,0.5,24,5
05/10/2010,2.8,0.9,24,5
06/10/2010,4.5,0.5,24,5
07/10/2010,2,0.8,24,4
08/10/2010,0,2.2,23,4
09/10/2010,0,4.1,24,6
10/10/2010,0,0.5,24,4
11/10/2010,0,4.3,21,4
12/10/2010,0,3.4,21,4
13/10/2010,3,2.6,26,4
14/10/2010,10.5,0.3,26,4
15/10/2010,0,2.1,26,5
16/10/2010,0,1.4,25,4
17/10/2010,0,1.7,25,4
18/10/2010,0,4.2,25,4
19/10/2010,0,6,24,4
20/10/2010,0,3.6,26,4
21/10/2010,0,3.8,27,5
22/10/2010,0,3.3,26,5
23/10/2010,0,7.1,25,10
24/10/2010,0,2.2,25,9
25/10/2010,0,5.9,25,5
26/10/2010,0,3.2,27,6
27/10/2010,0,8.7,28,7
28/10/2010,198,NaN,29,7
29/10/2010,50,0.7,29,7
30/10/2010,0,6.1,25,2
31/10/2010,0,2.1,25,10
01/11/2010,0,1.5,18,10
02/11/2010,3.3,2.5,29,2
03/11/2010,0,2.2,28,2
04/11/2010,0,3,29,7
05/11/2010,0,1.9,25,1
06/11/2010,0,2.6,29,0
07/11/2010,0,0.9,29,-2
08/11/2010,0,2.8,29,2
09/11/2010,0,5,26,3
10/11/2010,0,8.4,26,4
11/11/2010,0,7.7,26,5
12/11/2010,0,3.2,26,2
13/11/2010,0,2.7,25,2
14/11/2010,0,4.4,25,13
15/11/2010,0,4.5,26,3
16/11/2010,0,1.5,26,3
17/11/2010,55,3,26,3
18/11/2010,52.2,0.6,26,6
19/11/2010,1.2,5.7,26,6
20/11/2010,0,4,26,6
21/11/2010,0,1.5,26,7
22/11/2010,0,4.2,26,6
23/11/2010,0,2.8,26,9
24/11/2010,0,3.4,26,5
25/11/2010,0,0.9,26,5
26/11/2010,0,2.2,26,5
27/11/2010,3.7,0.8,26,6
28/11/2010,0,0.2,26,5
29/11/2010,0,4.8,20,6
30/11/2010,16,1.6,21,7
01/12/2010,0.7,0.1,21,5
02/12/2010,0,2.4,20,4
03/12/2010,0,3.5,21,3
04/12/2010,0,3.5,21,4
05/12/2010,0,4.6,20,4
06/12/2010,6.5,0.4,20,1
07/12/2010,0,1.1,20,1
08/12/2010,3.3,0.3,15,1
09/12/2010,0,3.7,15,0
10/12/2010,0,3.2,20,0
11/12/2010,0,2,14,0
12/12/2010,0.5,2.2,15,0
13/12/2010,0,2.3,15,0
14/12/2010,0,2.5,20,0
15/12/2010,0,4.8,20,0
16/12/2010,0,3,20,0
17/12/2010,0,4.1,18,0
18/12/2010,0,4.3,15,1
19/12/2010,0,6.2,15,0
20/12/2010,0,3.2,20,3
21/12/2010,0,8.5,20,3
22/12/2010,0,5,15,4
23/12/2010,0,1.9,20,2
24/12/2010,2,1.4,20,2
25/12/2010,3,0.5,20,5
26/12/2010,0.7,0.2,15,5
27/12/2010,0,0.6,20,1
28/12/2010,0,5.6,20,1
29/12/2010,0,6.6,20,2
30/12/2010,0,4.1,20,2
31/12/2010,0,5.9,20,3
01/01/2011,0,0.2,15,1
02/01/2011,0.3,0.3,20,2
03/01/2011,0,2,20,3
04/01/2011,0,2.7,20,2
05/01/2011,0,3.9,20,4
06/01/2011,0,4.1,15,6
07/01/2011,0,4.4,20,6
08/01/2011,0,3.1,20,7
09/01/2011,0,3.5,20,6
10/01/2011,0,3.6,18,2
11/01/2011,14.6,0.9,15,3
12/01/2011,5,0.8,20,3
13/01/2011,3,0.8,15,3
14/01/2011,0,1.1,20,3
15/01/2011,0,1,20,5
16/01/2011,0,1.9,20,5
17/01/2011,0,4.3,20,3
18/01/2011,0,6.3,20,5
19/01/2011,0,4.1,20,4
20/01/2011,0.1,2.7,20,6
21/01/2011,0,3,20,5
22/01/2011,0,2.9,15,5
23/01/2011,0,0.7,20,4
24/01/2011,0,2.7,20,4
25/01/2011,1.2,1.2,15,5
26/01/2011,0,6.2,20,4
27/01/2011,0,3.3,20,6
28/01/2011,0,4.6,20,5
29/01/2011,0,2.2,15,5
30/01/2011,0,2,20,6
31/01/2011,0,3.8,20,5
01/02/2011,1.5,5.1,15,5
02/02/2011,2.8,0.5,15,4
03/02/2011,0,1.4,15,3
04/02/2011,0,2.2,20,4
05/02/2011,0,1.8,15,6
06/02/2011,0,3.2,15,5
07/02/2011,2,0.2,16,2
08/02/2011,0,3,20,2
09/02/2011,0.1,0.1,15,5
10/02/2011,0,1.7,20,5
11/02/2011,0,2.2,16,2
12/02/2011,5.5,0.6,15,5
13/02/2011,1.5,0.4,15,6
14/02/2011,0,3,15,2
15/02/2011,0,3.5,20,1
16/02/2011,0,3.8,17,1
17/02/2011,0,5.9,15,3
18/02/2011,0,4.9,20,5
19/02/2011,0,2.8,20.5,5
20/02/2011,0,4.8,20,5
21/02/2011,0,4.3,20,4
22/02/2011,0,4.1,23,2
23/02/2011,0,4.3,22,9
24/02/2011,0,5.9,23,10
25/02/2011,0,4.4,20,7
26/02/2011,0,3.3,22,9
27/02/2011,0,5.6,23,8
28/02/2011,1.5,6,23,7
01/03/2011,0,4.2,15,9
02/03/2011,0,4.3,16,3
03/03/2011,0,6.7,15,3
04/03/2011,0,2.8,20,2
05/03/2011,18.5,1.7,21,7
06/03/2011,0,2.4,22,2
07/03/2011,0,5.5,20,7
08/03/2011,0,5,23,5
09/03/2011,51,5.9,19,12
10/03/2011,2,1.6,15,3
11/03/2011,0,3.5,15,2
12/03/2011,0,8.6,20,6
13/03/2011,0,3,19,8
14/03/2011,0,1.7,15,11
15/03/2011,0,3.2,17,6
16/03/2011,0,3.4,19,4
17/03/2011,0,4.5,21,5
18/03/2011,0,4.2,20,5
19/03/2011,0,3.1,20,5
20/03/2011,0,2.8,15,6
21/03/2011,1.3,3.5,16,4
22/03/2011,0,4.3,20,5
23/03/2011,0,4.9,21,3
24/03/2011,0,3.8,23,5
25/03/2011,0,4.9,23,7
26/03/2011,0,5.1,25,6
27/03/2011,1.7,9.9,26,9
28/03/2011,0,4.3,23,10
29/03/2011,0,5.2,24,7
30/03/2011,0.1,5.6,23,8
31/03/2011,0,9.4,23,4
01/04/2011,0,4.6,25,9
02/04/2011,2,7.3,24,10
03/04/2011,0,4.9,23,9
04/04/2011,70,5,23,7
05/04/2011,0,1.6,15,5
06/04/2011,0,6.4,20,5
07/04/2011,0,4.8,23,8
08/04/2011,0,6.1,23,8
09/04/2011,0,8.8,24,9
10/04/2011,0,7.3,27,8
11/04/2011,15,6.4,24,9
12/04/2011,0,6.3,26,5
13/04/2011,0,5.7,27,8
14/04/2011,0,4.8,29,9
15/04/2011,100,0.4,20,10
16/04/2011,0,5.4,20,5
17/04/2011,0,7.8,21,2
18/04/2011,0,6.1,23,7
19/04/2011,0,7.3,23,10
20/04/2011,0,6.5,15,11
21/04/2011,0,2.1,20,3
22/04/2011,0,4,20,10
23/04/2011,0,3,20,10
24/04/2011,5,0.4,19,11
25/04/2011,0,6.5,20,9
26/04/2011,3,8,20,11
27/04/2011,0,8.9,23,8
28/04/2011,0,6.3,20,9
29/04/2011,0,4.8,28,8
30/04/2011,10,4.9,20,9
01/05/2011,0,4.3,22,10
02/05/2011,25.5,6.3,19,11
03/05/2011,6.7,1.4,15,9
04/05/2011,0,1.3,26,9
05/05/2011,0,2.7,15,10
06/05/2011,0,4.4,19,8
07/05/2011,0,4.9,23,9
08/05/2011,0,5.8,22,10
09/05/2011,0,5.8,23,7
10/05/2011,0,6.6,28,7
11/05/2011,0,3.8,25,10
12/05/2011,0,4.8,20,8
13/05/2011,0,3.3,25,10
14/05/2011,0,2,25,10
15/05/2011,0.5,5.3,18,10
16/05/2011,0,6.1,23,7
17/05/2011,0,5.3,22,10
18/05/2011,0,6.7,24,8
19/05/2011,0,8.9,20,10
20/05/2011,0,7.1,20,10
21/05/2011,0,6.7,22,7
22/05/2011,0,6.8,23,9
23/05/2011,0,7.1,20,10
24/05/2011,0,5.3,22,8
25/05/2011,0,6.4,23,11
26/05/2011,0,4.2,23,12
27/05/2011,0,6.7,24,10
28/05/2011,0,9,23,10
29/05/2011,0,2.6,27,11
30/05/2011,4.8,2.8,25,15
31/05/2011,5.4,5.4,20,9
01/06/2011,6.8,2,17,8
02/06/2011,0,4,15,7
03/06/2011,0,1.5,20,5
04/06/2011,0,3.8,20,8
05/06/2011,6.8,0.8,15,8
06/06/2011,0,0.3,15,6
07/06/2011,0,2.9,15,6
08/06/2011,0,5.6,16,7
09/06/2011,0,4.9,20,8
10/06/2011,0,3.3,22,6
11/06/2011,0,2.9,23,12
12/06/2011,0,4.9,20,12
13/06/2011,0,3.5,19,12
14/06/2011,0,4.8,23,10
15/06/2011,0,4.4,23,7
16/06/2011,0,4.9,19,9
17/06/2011,0,2.4,20,7
18/06/2011,0,3,20,7
19/06/2011,0,4.2,20,6
20/06/2011,0,3.7,20,6
21/06/2011,14,4.3,20,18
22/06/2011,0.5,7.4,18,15
23/06/2011,12.5,2.7,20,9
24/06/2011,0,4.9,20,13
25/06/2011,10,2,20,10
26/06/2011,7,2,20,8
27/06/2011,57,0.9,20,13
28/06/2011,107.7,0.2,15,10
29/06/2011,106,3.3,15,3
30/06/2011,39,10.7,10,4
01/07/2011,0,2,15,4
02/07/2011,24,3.3,15,9
03/07/2011,28.2,0.2,16,8
04/07/2011,2,2.8,20,10
05/07/2011,0.3,1.6,21,9
06/07/2011,4.2,2.2,20,10
07/07/2011,0,4.7,20,10
08/07/2011,0,3.1,15,10
09/07/2011,0,4.8,20,9
10/07/2011,25.6,0.9,20,11
11/07/2011,0.8,0.4,20,11
12/07/2011,0.2,1.4,20,10
13/07/2011,21,0.3,20,10
14/07/2011,8.4,1.7,20,11
15/07/2011,10,1.8,20,10
16/07/2011,10,0.2,20,12
17/07/2011,6.5,0.2,20,12
18/07/2011,0,0.9,20,10
19/07/2011,0,1.7,20,10
20/07/2011,0,3.9,15,10
21/07/2011,0,3.7,20,11
22/07/2011,0,2,20,11
23/07/2011,0,1.7,22,11
24/07/2011,1.3,6.4,20,10
25/07/2011,0,4.1,20,9
26/07/2011,0,4.3,22,13
27/07/2011,0.2,3,20,9
28/07/2011,0.1,3.2,20,10
29/07/2011,0,4.4,20,10
30/07/2011,0,3.4,20,10
31/07/2011,26,3.7,20,9
01/08/2011,20,1.9,20,10
02/08/2011,25,4.6,20,10
03/08/2011,2.5,1.7,20,9
04/08/2011,0,2.1,20,10
05/08/2011,0,4.4,21,10
06/08/2011,4.1,1.4,22,10
07/08/2011,1.5,8.1,23,9
08/08/2011,0.1,4.4,22,10
09/08/2011,0,3.8,21,9
10/08/2011,0,2.8,20,11
11/08/2011,0,4.8,22,12
12/08/2011,0,2.5,22,13
13/08/2011,0,3,23,10
14/08/2011,0,4.8,22,12
15/08/2011,0,3,17,10
16/08/2011,0.1,2.6,20,9
17/08/2011,0.4,4.1,23,9
18/08/2011,0,4.2,21,8
19/08/2011,0,5.4,20,9
20/08/2011,2,3.7,21,9
21/08/2011,54,1.9,20,10
22/08/2011,11.5,0.3,20,8
23/08/2011,16.5,2.8,15,9
24/08/2011,1,5.4,17,8
25/08/2011,0,4,20,9
26/08/2011,0,3.7,20,8
27/08/2011,2.7,0.6,20,8
28/08/2011,5.6,4.3,20,8
29/08/2011,0,4.7,20,8
30/08/2011,0,7.4,20,10
31/08/2011,5,9.9,20,10
01/09/2011,0,2.9,20,9
02/09/2011,1,4.1,20,9
03/09/2011,11.5,4.5,21,6
04/09/2011,19,3.7,20,9
05/09/2011,44,0.7,20,10
06/09/2011,10,0.9,13,9
07/09/2011,0,3.8,20,10
08/09/2011,0,1.4,15,5
09/09/2011,0,4.7,20,3
10/09/2011,2,0.6,15,10
11/09/2011,10,4.4,15,8
12/09/2011,1,2.8,16,5
13/09/2011,0,3.2,20,6
14/09/2011,0,3,20,5
15/09/2011,0,2.8,20,5
16/09/2011,0,2.9,22,8
17/09/2011,0,2.8,17,8
18/09/2011,0,2.6,15,6
19/09/2011,3.6,2,20,5
20/09/2011,0.8,0.2,20,6
21/09/2011,0.3,1.7,20,6
22/09/2011,6.8,1.4,20,6
23/09/2011,3,5.2,20,5
24/09/2011,0.6,2.2,20,8
25/09/2011,0,4.5,20,6
26/09/2011,0,4.5,20,5
27/09/2011,0,4.8,20,8
28/09/2011,0,4.3,20,8
29/09/2011,0.8,1,20,7
30/09/2011,10,10.2,20,8
01/10/2011,50,8.4,15,6
02/10/2011,20.5,1,20,9
03/10/2011,3.1,0.8,20,6
04/10/2011,1.1,0.4,15,6
05/10/2011,0.5,1.1,20,6
06/10/2011,0.5,0.5,20,6
07/10/2011,0,6.2,20,6
08/10/2011,0,6.4,20,8
09/10/2011,20,0.8,20,8
10/10/2011,1.5,0.4,20,6
11/10/2011,0.1,1,20,6
12/10/2011,6.5,0.4,20,6
13/10/2011,35.5,0.9,20,6
14/10/2011,0,2.3,20,10
15/10/2011,0,2.4,15,9
16/10/2011,0.3,2.1,15,3
17/10/2011,0,4.1,10,6
18/10/2011,40,3.2,16,6
19/10/2011,1.5,4.1,10,5
20/10/2011,0,5.3,15,3
21/10/2011,0,6.6,25,4
22/10/2011,0,6,20,5
23/10/2011,0,1.9,10,4
24/10/2011,0,4.1,16,2
25/10/2011,0,3.4,12,2
26/10/2011,0,2.1,10,5
27/10/2011,0,4.9,15,5
28/10/2011,8,1,10,2
29/10/2011,2,0.5,15,4
30/10/2011,0,0.6,10,5
31/10/2011,0,0.6,15,2
01/11/2011,0,0.1,20,2
02/11/2011,4.5,2.4,20,8
03/11/2011,6.1,1.8,15,10
04/11/2011,2,0.7,20,5
05/11/2011,0.8,3.3,15,5
06/11/2011,0,0.5,20,8
07/11/2011,0,0.3,20,5
08/11/2011,0.5,1.1,20,10
09/11/2011,8.5,0.2,15,5
10/11/2011,1.8,0.4,20,5
11/11/2011,0.5,1.5,15,5
12/11/2011,0,3.3,20,5
13/11/2011,0,3,20,6
14/11/2011,0,3,20,14
15/11/2011,0,4.7,20,5
16/11/2011,0,3.1,21,5
17/11/2011,0,1.2,15,5
18/11/2011,24,1,20,8
19/11/2011,0,0.8,15,10
20/11/2011,0,2.9,20,8
21/11/2011,0,2.9,20,5
22/11/2011,7.2,3.4,20,5
23/11/2011,5,0.3,15,7
24/11/2011,30,0.4,15,5
25/11/2011,4,1.6,15,5
26/11/2011,14,0.1,14,10
27/11/2011,1,0.6,10,3
28/11/2011,0,4.6,4,2
29/11/2011,0,4.3,5,0
30/11/2011,0,2.1,10,0
01/12/2011,0,3.4,12,-5
02/12/2011,0,3.7,20,1
03/12/2011,0,4.1,20,6
04/12/2011,0,2.4,20,8
05/12/2011,0,8.5,20,0
06/12/2011,0.4,0.6,15,1
07/12/2011,0.2,0.2,15,0
08/12/2011,0,0.1,16,0
09/12/2011,0,1.8,15,0
10/12/2011,0.5,0.4,15,2
11/12/2011,1.5,0.2,15,3
12/12/2011,0,1.1,15,0
13/12/2011,0.1,2.5,15,1
14/12/2011,0,2,20,0
15/12/2011,0,3.7,20,1
16/12/2011,0,8.1,15,5
17/12/2011,22.5,1.5,15,1
18/12/2011,1.5,0.8,20,1
19/12/2011,0,2.1,20,1
20/12/2011,0,3,20,5
21/12/2011,0,1.1,20,4
22/12/2011,0,4.5,20,6
23/12/2011,0,0.2,15,5
24/12/2011,0.1,0.8,15,1
25/12/2011,0,4.2,15,2
26/12/2011,0,2,20,2
27/12/2011,0,2.7,21,5
28/12/2011,0,1.9,20,8
29/12/2011,0,1.5,15,8
30/12/2011,0,1.1,16,2
31/12/2011,0,0.6,15,5
01/01/2012,39,0.4,15,5
02/01/2012,15,4.8,15,5
03/01/2012,2,4.9,15,4
04/01/2012,0.1,5,15,3
05/01/2012,0.3,4.8,14,3
06/01/2012,0,5,20,2
07/01/2012,0,3.1,20,8
08/01/2012,0,3.8,21,8
09/01/2012,0,1.8,23,9
10/01/2012,0,2.1,20,3
11/01/2012,0,0.7,20,3
12/01/2012,0.5,0.9,15,4
13/01/2012,0,0.5,15,3
14/01/2012,1.5,0.9,15,2
15/01/2012,1.5,2.5,15,5
16/01/2012,0,0.3,20,5
17/01/2012,0,3.6,15,4
18/01/2012,0,1.6,20,3
19/01/2012,0,8.4,20,3
20/01/2012,0,1.9,20,5
21/01/2012,0,2,20,5
22/01/2012,0,4.5,15,8
23/01/2012,0,3.3,20,3
24/01/2012,0,4.5,20,4
25/01/2012,0,3.8,15,3
26/01/2012,0,0.6,15,3
27/01/2012,0,7.9,15,3
28/01/2012,1,0.2,15,5
29/01/2012,14.1,5,15,3
30/01/2012,1.7,0.8,15,3
31/01/2012,0,0.7,20,3
01/02/2012,0,1.9,15,4
02/02/2012,6,0.6,15,3
03/02/2012,0,1.8,15,4
04/02/2012,0,1.1,15,5
05/02/2012,4,2.8,17,4
06/02/2012,1,0.8,15,3
07/02/2012,1,5.9,14,5
08/02/2012,5,5.9,15,4
09/02/2012,3.5,0.7,15,4
10/02/2012,16,5.3,15,4
11/02/2012,7,1.9,15,8
12/02/2012,8.3,0.5,20,5
13/02/2012,0,2.8,20,4
14/02/2012,1,0.7,20,5
15/02/2012,0,1,19,4
16/02/2012,0,3.2,20,5
17/02/2012,0,2.5,20,8
18/02/2012,2.5,0.9,20,8
19/02/2012,1.5,0.9,20,5
20/02/2012,0,5.2,21,5
21/02/2012,0.2,2.1,15,5
22/02/2012,0,2.8,20,5
23/02/2012,0,5.6,33,5
24/02/2012,0,7.1,22,5
25/02/2012,11.7,1.2,15,5
26/02/2012,1,0.6,15,5
27/02/2012,0,3.9,20,8
28/02/2012,0,2.4,15,8
29/02/2012,0,5.3,20,5
01/03/2012,0,4.5,23,4
02/03/2012,0,4.9,20,5
03/03/2012,9,1.8,17,5
04/03/2012,0,7.5,15,8
05/03/2012,0,2.5,20,4
06/03/2012,0,1.4,20,5
07/03/2012,0,4.2,20,3
08/03/2012,0,4,16,5
09/03/2012,0,4.1,15,3
10/03/2012,9,1.6,20,8
11/03/2012,6.5,0.6,15,10
12/03/2012,0,1.8,20,4
13/03/2012,0,4,20,5
14/03/2012,1.5,2.5,20,3
15/03/2012,0,4.2,16,4
16/03/2012,0,2.4,15,4
17/03/2012,0,5.2,13,5
18/03/2012,0,4.7,15,5
19/03/2012,0,3.6,20,8
20/03/2012,0,6.9,20,5
21/03/2012,0,0.2,15,5
22/03/2012,0,8.3,17,5
23/03/2012,0,3.4,15,5
24/03/2012,0,2.8,16,5
25/03/2012,0,5.6,20,5
26/03/2012,0,5.7,18,6
27/03/2012,0,3.3,18,4
28/03/2012,2.8,5.1,17,5
29/03/2012,2.7,3,16,4
30/03/2012,2.7,7.7,20,4
31/03/2012,1,3,20,4
01/04/2012,1.8,7.6,20,9
02/04/2012,3,5,20,2
03/04/2012,0,1.9,20,3
04/04/2012,0,9.9,20,3
05/04/2012,1.8,3.2,20,2
06/04/2012,0,1.2,20,2
07/04/2012,0,2.5,20,4
08/04/2012,12.3,6,21,3
09/04/2012,0.1,1.1,17,10
10/04/2012,0,3.3,16,4
11/04/2012,0,4.2,15,10
12/04/2012,0,4.1,15,8
13/04/2012,0,3.7,25,8
14/04/2012,0.2,6.6,20,5
15/04/2012,0,5.6,20,3
16/04/2012,0.1,4.2,20,4
17/04/2012,40,2.5,20,5
18/04/2012,2,2.2,20,9
19/04/2012,0,1.7,21,14
20/04/2012,0,3.5,20,8
21/04/2012,5.5,8.6,15,5
22/04/2012,0,2.6,15,5
23/04/2012,0,6.2,15,3
24/04/2012,0,6.1,16,4
25/04/2012,0,6.2,15,4
26/04/2012,0,7,16,4
27/04/2012,0,6,20,5
28/04/2012,0,4.8,18,5
29/04/2012,0,5.2,20,5
30/04/2012,0,4.9,20,5
01/05/2012,0,4.8,25,4
02/05/2012,0,1.9,15,5
03/05/2012,0,3.2,20,4
04/05/2012,0,6.8,20,4
05/05/2012,0,4.7,20,5
06/05/2012,0,4.9,20,6
07/05/2012,0,NaN,20,6
08/05/2012,0,NaN,22,5
09/05/2012,0,5.3,20,4
10/05/2012,0,1.7,20,5
11/05/2012,1.5,3.9,19,4
12/05/2012,2.5,3.8,15,5
13/05/2012,12.5,0.5,16,4
14/05/2012,0,2.8,17,5
15/05/2012,0,3.3,16,7
16/05/2012,1.7,2.5,15,6
17/05/2012,0.2,0.8,20,5
18/05/2012,0,3.7,18,5
19/05/2012,0,5,15,5
20/05/2012,0,2.6,20,6
21/05/2012,0,4.7,20,5
22/05/2012,0,5.3,20,5
23/05/2012,0,7.1,24,5
24/05/2012,0,6.4,29,12
25/05/2012,0,5.9,25,15
26/05/2012,0,6.6,26,14
27/05/2012,0,5.4,26,15
28/05/2012,0,7.8,25,14
29/05/2012,0,7,20,13
30/05/2012,0,1.4,20,5
31/05/2012,0,5.3,20,6
01/06/2012,0,4.8,20,5
02/06/2012,0.1,5.3,20,6
03/06/2012,0,3.9,18,7
04/06/2012,0,5,21,6
05/06/2012,0,5.6,23,8
06/06/2012,1,4.1,25,7
07/06/2012,1,1,25,6
08/06/2012,20,4.3,23,6
09/06/2012,0,8.8,24,5
10/06/2012,0,7.2,22,10
11/06/2012,0,4.6,21,5
12/06/2012,3,7.8,22,7
13/06/2012,0,0.7,16,6
14/06/2012,0,4.4,20,7
15/06/2012,0,5.5,22,8
16/06/2012,28,2,20,8
17/06/2012,50,6.8,22,9
18/06/2012,0,2.7,22,7
19/06/2012,10,0.3,22,7
20/06/2012,13.5,0.4,23,9
21/06/2012,32.5,2.1,23,10
22/06/2012,0,4.9,20,8
23/06/2012,7,4,23,5
24/06/2012,0,5.7,22,8
25/06/2012,23,4.2,23,8
26/06/2012,0,6.2,23,9
27/06/2012,0,3.4,21,9
28/06/2012,11.5,2.3,20,8
29/06/2012,0,5.2,22,15
30/06/2012,15,0.1,22,5
01/07/2012,5,4.6,20,5
02/07/2012,0,3.8,23,9
03/07/2012,0.1,6.7,15,9
04/07/2012,0,4.8,20,10
05/07/2012,1,6.2,21,9
06/07/2012,0,5.3,20,8
07/07/2012,0,5.9,19,7
08/07/2012,5.7,9.4,17,6
09/07/2012,1,9.1,20,5
10/07/2012,0,4.8,20,4
11/07/2012,2.5,8.7,19,7
12/07/2012,4.5,8.5,20,5
13/07/2012,10,2,19,9
14/07/2012,20.1,1.9,19,5
15/07/2012,10,1.5,20,5
16/07/2012,0.5,3.2,18,10
17/07/2012,3.5,5.2,22,5
18/07/2012,5.3,2.3,20,5
19/07/2012,2.5,1.1,23,5
20/07/2012,0,6.7,18,8
21/07/2012,3,5.9,20,5
22/07/2012,1,3.7,20,8
23/07/2012,0,4.4,21,5
24/07/2012,4.2,2,20,5
25/07/2012,0,1.5,22,6
26/07/2012,0,5.8,24,7
27/07/2012,4.3,2.5,24,13
28/07/2012,13,2,25,11
29/07/2012,0,5,23,10
30/07/2012,0,5.5,24,7
31/07/2012,0,4.2,23,12
01/08/2012,0,2.5,23,10
02/08/2012,0,2.1,24,11
03/08/2012,0,0.6,23,11
04/08/2012,0,1.6,21,10
05/08/2012,0,3.3,20,10
06/08/2012,0,2,20,9
07/08/2012,0,2.4,19,10
08/08/2012,28,NaN,20,9
09/08/2012,204,NaN,23,9
10/08/2012,2,5.9,20,9
11/08/2012,10,5.8,20,5
12/08/2012,14,4.1,19,9
13/08/2012,18,2.9,20,8
14/08/2012,0.8,2,22,9
15/08/2012,0,4.4,20,8
16/08/2012,33,3.5,20,8
17/08/2012,3.5,1.5,21,9
18/08/2012,36,3.7,18,8
19/08/2012,4.5,1.1,19,8
20/08/2012,45,1.3,19,8
21/08/2012,4.4,1.5,16,8
22/08/2012,2.7,6.3,20,9
23/08/2012,4.3,3.2,23,9
24/08/2012,0,3,20,10
25/08/2012,0,3.2,18,5
26/08/2012,5.5,1.2,15,6
27/08/2012,4.5,2.8,15,7
28/08/2012,0,4.5,15,10
29/08/2012,0,4.3,15,10
30/08/2012,0,6.9,17,8
31/08/2012,0,0.3,17,8
01/09/2012,1,1.1,19,8
02/09/2012,0,2.3,20,9
03/09/2012,0,5.7,20,9
04/09/2012,0,3.7,20,10
05/09/2012,0,1.4,21,8
06/09/2012,0,3.9,19,9
07/09/2012,1,6.1,15,6
08/09/2012,0,4.9,17,7
09/09/2012,11,1.6,20,5
10/09/2012,1,2,21,7
11/09/2012,9.5,2,20,8
12/09/2012,1,3.7,19,9
13/09/2012,0,3.5,20,8
14/09/2012,3,1.1,21,10
15/09/2012,0,0.5,15,8
16/09/2012,0,0.5,19,9
17/09/2012,0.5,4.2,20,8
18/09/2012,0.2,1.4,21,10
19/09/2012,5,1.2,19,11
20/09/2012,0.1,3.4,23,12
21/09/2012,0,3,23,9
22/09/2012,5.5,1.1,24,10
23/09/2012,62,0.6,22,15
24/09/2012,5.5,3.3,23,10
25/09/2012,20,0.7,23,10
26/09/2012,35,3.4,24,11
27/09/2012,2,0.6,19,12
28/09/2012,0,6.3,20,10
29/09/2012,0,2.8,19,12
30/09/2012,7.8,0.6,20,8
01/10/2012,0,1.6,21,11
02/10/2012,0,1.3,19,10
03/10/2012,0,3.1,22,5
04/10/2012,0,4.7,23,6
05/10/2012,0,6.5,19,10
06/10/2012,0,5.2,23,9
07/10/2012,20,0.9,15,8
08/10/2012,14.5,1.1,22,10
09/10/2012,0,1.9,16,8
10/10/2012,0,4.6,19,9
11/10/2012,4,0.6,21,6
12/10/2012,0,1.3,19,7
13/10/2012,3,2.2,15,6
14/10/2012,0,1.1,17,5
15/10/2012,0,1.1,18,4
16/10/2012,0,4.2,15,5
17/10/2012,0,4.1,15,6
18/10/2012,0,4,19,5
19/10/2012,0,4.2,17,8
20/10/2012,0,4.2,23,9
21/10/2012,6.5,1.1,23,9
22/10/2012,0,2,19,9
23/10/2012,0.1,1.6,18,5
24/10/2012,0.1,3.3,16,7
25/10/2012,0,3.9,17,5
26/10/2012,0,4.7,19,4
27/10/2012,1.5,0.6,17,6
28/10/2012,7,0.2,17,6
29/10/2012,3.8,0.6,18,8
30/10/2012,0,1,12,9
31/10/2012,0,0.9,19,4
01/11/2012,0,2,16,7
02/11/2012,0,2,17,6
03/11/2012,0,5.1,18,7
04/11/2012,5.3,1.6,16,6
05/11/2012,1.7,0.4,17,5
06/11/2012,0.1,1.9,15,6
07/11/2012,0.1,0.1,15,4
08/11/2012,0,3.3,18,4
09/11/2012,0,4.6,20,3
10/11/2012,0,3.2,19,6
11/11/2012,1,2.9,17,7
12/11/2012,40,4.8,15,4
13/11/2012,6.5,0.2,15,3
14/11/2012,8,1.1,17,3
15/11/2012,1.6,0.4,15,5
16/11/2012,5,9.3,15,5
17/11/2012,8,1.7,15,5
18/11/2012,20,0.8,15,5
19/11/2012,0,1.7,18,3
20/11/2012,0,0.9,19,6
21/11/2012,2.3,0.4,18,6
22/11/2012,0,2.1,16,5
23/11/2012,0,3.8,17,7
24/11/2012,3.3,0.4,16,6
25/11/2012,0,1.5,16,5
26/11/2012,0,3.2,15,7
27/11/2012,0.1,1.6,20,8
28/11/2012,0,1.3,22,7
29/11/2012,0,0.7,18,12
30/11/2012,0,1,17,6
01/12/2012,0,1.9,16,5
02/12/2012,0,1,20,6
03/12/2012,0,4,20,5
04/12/2012,0,2.5,20,5
05/12/2012,2.7,0.5,23,7
06/12/2012,0,4.9,21,5
07/12/2012,0,5,20,4
08/12/2012,0,3.8,20,5
09/12/2012,0,2.8,23,8
10/12/2012,0,5.6,23,7
11/12/2012,0,1.2,20,7
12/12/2012,4.7,0.3,21,8
13/12/2012,1,2.3,18,7
14/12/2012,0,4.8,20,8
15/12/2012,0,3.7,22,8
16/12/2012,0,1.5,27,9
17/12/2012,0,3,25,8
18/12/2012,0,4.1,23,9
19/12/2012,0,1.9,23,8
20/12/2012,29,1.1,20,9
21/12/2012,0,1.7,20,3
22/12/2012,0,1.8,20,8
23/12/2012,0.9,2.5,22,9
24/12/2012,0,3.7,20,8
25/12/2012,0.1,2.4,27,5
26/12/2012,1.5,2,27,3
27/12/2012,0,4,22,3
28/12/2012,0,3.1,22,3
29/12/2012,0,1.8,20,3
30/12/2012,2,0.3,20,5
31/12/2012,0,0.9,15,6
01/01/2013,1,1.9,15,5
02/01/2013,2,0.9,15,5
03/01/2013,0,1.5,20,6
04/01/2013,1,0.7,20,6
05/01/2013,2,0.9,18,5
06/01/2013,2,0.2,17,6
07/01/2013,4,0.7,20,4
08/01/2013,0,1.6,25,8
09/01/2013,0,2.7,25,4
10/01/2013,0,1.4,28,5
11/01/2013,0,2.8,25,4
12/01/2013,0,2.8,25,6
13/01/2013,0.5,2.8,28,6
14/01/2013,0,3.5,28,3
15/01/2013,0.1,3.4,27,4
16/01/2013,0.3,0.3,9,5
17/01/2013,0.6,0.1,7,2
18/01/2013,0,0.5,5,-1
19/01/2013,0,1.9,15,-2
20/01/2013,0,1.1,15,5
21/01/2013,0,0.1,17,7
22/01/2013,1,1.1,17,5
23/01/2013,1,1.2,18,5
24/01/2013,0,0.8,18,-1
25/01/2013,0,1.7,21,0
26/01/2013,0,3.2,20,6
27/01/2013,0,4.1,21,5
28/01/2013,0,2.9,20,6
29/01/2013,0,4.8,23,5
30/01/2013,0,0.8,20,6
31/01/2013,2.7,0.7,24,5
01/02/2013,0,1.2,19,5
02/02/2013,0,0.4,15,6
03/02/2013,1,1.9,20,6
04/02/2013,0,5.1,27,7
05/02/2013,0,4.3,24,7
06/02/2013,0,5.1,23,5
07/02/2013,0,5,27,6
08/02/2013,0,4.2,23,8
09/02/2013,0,3.8,22,7
10/02/2013,0,2.5,29,6
11/02/2013,0,5.3,29,7
12/02/2013,0,5.4,27,11
13/02/2013,2,3.1,22,8
14/02/2013,0.5,1.6,25,5
15/02/2013,3,0.9,20,6
16/02/2013,1,0.2,22,3
17/02/2013,0,2.2,23,6
18/02/2013,0,1.8,29,5
19/02/2013,0,2.5,23,7
20/02/2013,0,5.1,29,5
21/02/2013,0,5.2,29,7
22/02/2013,0,3.1,22,8
23/02/2013,0,2.2,23,7
24/02/2013,0,1.6,29,6
25/02/2013,0.6,4.1,30,8
26/02/2013,0.5,0.5,30,9
27/02/2013,0,3.9,24,10
28/02/2013,3.6,0.3,24,9
01/03/2013,3,2.2,20,5
02/03/2013,0,0.8,10,3
03/03/2013,0,1.2,17,-1
04/03/2013,0,5.6,19,3
05/03/2013,0,5.7,27,6
06/03/2013,0,1.4,18,6
07/03/2013,0,2.5,20,4
08/03/2013,0,4.1,20,5
09/03/2013,0,3.7,25,6
10/03/2013,0.5,5.5,23,6
11/03/2013,0.9,1.9,25,3
12/03/2013,0.1,0.8,10,3
13/03/2013,1,1.4,12,6
14/03/2013,5,1.4,14,6
15/03/2013,1,1.5,20,6
16/03/2013,0,3.1,21,8
17/03/2013,0,3.5,29,6
18/03/2013,0,6.8,22,6
19/03/2013,0,5.2,13,10
20/03/2013,0,6.8,29,8
21/03/2013,0,4.5,29,8
22/03/2013,0,3,20,8
23/03/2013,0,3.2,20,10
24/03/2013,1.5,2.8,33,11
25/03/2013,4,7.6,12,8
26/03/2013,4,0.1,15,8
27/03/2013,0,0.7,12,6
28/03/2013,0,3,21,9
29/03/2013,0,1.2,22,10
30/03/2013,0,4.9,23,6
31/03/2013,0,6.9,35,7
01/04/2013,0,4.9,35,7
02/04/2013,3,5.6,32,7
03/04/2013,5,7.9,31,6
04/04/2013,9,4.6,32,7
05/04/2013,0,2.5,32,6
06/04/2013,3,5.2,25,7
07/04/2013,0,5.7,31,6
08/04/2013,0,4.9,31,7
09/04/2013,0,3.8,31,12
10/04/2013,0,7.2,31,13
11/04/2013,0,6,14,11
12/04/2013,0,5.4,23,11
13/04/2013,0,5.3,23,7
14/04/2013,0,7,31,8
15/04/2013,0,5.9,32,9
16/04/2013,0,4.1,33,8
17/04/2013,0,7.9,33,8
18/04/2013,6,8.6,32,9
19/04/2013,2,1.3,29,12
20/04/2013,2,2.2,23,9
21/04/2013,0,6.6,31,10
22/04/2013,0,6.3,28,7
23/04/2013,5.3,0.4,29,8
24/04/2013,1,3,28,11
25/04/2013,0.3,1.3,29,12
26/04/2013,0,2.8,29,8
27/04/2013,0,5.4,25,9
28/04/2013,0,5.2,28,7
29/04/2013,0,2.5,28,7
30/04/2013,0,3,29,9
01/05/2013,0,3,29,7
02/05/2013,34.1,10.8,25,6
03/05/2013,0,2.3,29,5
04/05/2013,0,3,29,7
05/05/2013,0,5.2,28,7
06/05/2013,0,4.3,29,6
07/05/2013,0,2.2,22,6
08/05/2013,0,6.3,30,9
09/05/2013,0,7.6,30,9
10/05/2013,0,4.3,25,9
11/05/2013,10,5.1,20,9
12/05/2013,15.8,4,31,7
13/05/2013,15.5,2.1,32,9
14/05/2013,2.6,1.7,32,10
15/05/2013,0,2.9,23,12
16/05/2013,0,6.4,22,10
17/05/2013,0,4.1,20,9
18/05/2013,0,4.9,30,8
19/05/2013,0,4.7,30,8
20/05/2013,0,9.9,25,9
21/05/2013,0,5.7,29,11
22/05/2013,0,5.6,22,8
23/05/2013,0,2.4,27,12
24/05/2013,0,6.5,28,12
25/05/2013,0,3,26,8
26/05/2013,0,7.8,22,7
27/05/2013,0.1,1.2,25,10
28/05/2013,0,2,28,12
29/05/2013,0,2,27,11
30/05/2013,NaN,NaN,NaN,10
31/05/2013,5,2,20,NaN
01/06/2013,0,2.6,25,9
02/06/2013,20,7.1,27,9
03/06/2013,2,0.3,28,10
04/06/2013,0.5,4.8,25,11
05/06/2013,0,3.4,30,10
06/06/2013,0,8.3,25,15
07/06/2013,0,2.9,23,6
08/06/2013,0,2,28,7
09/06/2013,0,3.6,25,9
10/06/2013,4,5.1,21,8
11/06/2013,7.6,1.4,26,6
12/06/2013,0.3,2.1,26,10
13/06/2013,0.1,4,23,11
14/06/2013,0,4.9,20,11
15/06/2013,0,4.9,22,10
16/06/2013,0,2.1,21,9
17/06/2013,0,6.2,21,9
18/06/2013,0,3.8,24,9
19/06/2013,82,2.6,23,13
20/06/2013,168,NaN,23,14
21/06/2013,15,0.8,20,15
22/06/2013,0,2.1,22,12
23/06/2013,0,4.8,23,12
24/06/2013,0.1,1.5,23,11
25/06/2013,0,4.1,25,11
26/06/2013,0,3.7,25,11
27/06/2013,4,4.8,25,11
28/06/2013,0,2.7,28,10
29/06/2013,0,7.2,25,10
30/06/2013,0,3.7,19,10
01/07/2013,0,4.7,23,6
02/07/2013,2.8,2.5,25,7
03/07/2013,0.2,0.9,25,8
04/07/2013,9,5.4,25,9
05/07/2013,15,5.1,20,9
06/07/2013,22,2,20,10
07/07/2013,23,3,25,9
08/07/2013,0,1.7,25,10
09/07/2013,0.3,4,25,10
10/07/2013,5.3,3.2,23,9
11/07/2013,1,3.2,23,10
12/07/2013,0,4.5,20,10
13/07/2013,0,2,20,9
14/07/2013,0.5,3.5,20,9
15/07/2013,0.5,0.5,20,9
16/07/2013,0,2.5,19,9
17/07/2013,1,3.8,19,10
18/07/2013,1.5,0.8,19,10
19/07/2013,0,0.2,20,9
20/07/2013,4,3.4,24,11
21/07/2013,0.1,3.4,19,11
22/07/2013,0.1,2,19,10
23/07/2013,0.1,3.2,19,10
24/07/2013,3,1.7,19,9
25/07/2013,0,3.7,19,10
26/07/2013,0,4.8,19,10
27/07/2013,0,4.6,26,8
28/07/2013,0,5.7,27,9
29/07/2013,0,4,20,9
30/07/2013,0,2.4,25,8
31/07/2013,6.5,5,25,8
01/08/2013,5,3.3,25,9
02/08/2013,0,7.7,26,8
03/08/2013,0,4.1,25,8
04/08/2013,0,2,20,9
05/08/2013,0,3,20,9
06/08/2013,0,3.9,25,8
07/08/2013,0,3,26,9
08/08/2013,0,3,25,8
09/08/2013,0,5.1,24,10
10/08/2013,0,4.9,22,9
11/08/2013,4.6,1.2,25,10
12/08/2013,0.2,1.1,27,11
13/08/2013,8.5,0.6,22,8
14/08/2013,9,2,23,9
15/08/2013,1,1.9,24,9
16/08/2013,0,0.6,20,9
17/08/2013,10,2.2,20,9
18/08/2013,9,6.9,24,9
19/08/2013,0,3,24,9
20/08/2013,0,1.1,29,10
21/08/2013,10,1.5,22,10
22/08/2013,11.5,2.7,22,10
23/08/2013,2,3,22,10
24/08/2013,20,2.9,25,9
25/08/2013,200,NaN,24,9
26/08/2013,9,0.3,24,10
27/08/2013,0,8.4,23,16
28/08/2013,1,1.1,24,15
29/08/2013,0,2,23,11
30/08/2013,0,2.2,20,9
31/08/2013,0,5.7,22,10
01/09/2013,6.5,3.9,24,10
02/09/2013,5.3,2,25,10
03/09/2013,9.9,0.4,25,10
04/09/2013,7,0.9,25,11
05/09/2013,16.8,1,25,10
06/09/2013,13.5,3.1,25,10
07/09/2013,49,6.3,25,10
08/09/2013,20,0.4,22,10
09/09/2013,20.3,1.3,24,13
10/09/2013,17,2.2,23,13
11/09/2013,18,0.9,23,14
12/09/2013,156.5,NaN,23,3
13/09/2013,140,2.8,17,14
14/09/2013,18.5,7.3,20,4
15/09/2013,3,1.2,21,11
16/09/2013,2.5,0.9,20,14
17/09/2013,80,0.3,23,10
18/09/2013,21.5,2.4,23,14
19/09/2013,35,0.5,23,14
20/09/2013,0.1,1.2,20,14
21/09/2013,94.6,0.1,21,13
22/09/2013,0,1.6,20,14
23/09/2013,0,1.9,21,11
24/09/2013,35.5,0.3,25,11
25/09/2013,15.5,0.2,25,6
26/09/2013,16.5,0.5,26,12
27/09/2013,0,3.2,29,13
28/09/2013,0,4.7,28,11
29/09/2013,0,1.5,29,10
30/09/2013,0,3.3,29,10
01/10/2013,0,3.2,29,9
02/10/2013,0,3.3,29,9
03/10/2013,0,3.2,29,8
04/10/2013,0,3.5,30,8
05/10/2013,1.5,5.4,29,10
06/10/2013,138,NaN,25,10
07/10/2013,36.5,2.1,25,11
08/10/2013,0.5,1,18,7
09/10/2013,0,1.9,21,10
10/10/2013,0,1.7,20,10
11/10/2013,0,0.9,24,10
12/10/2013,0,2.3,22,10
13/10/2013,1,2.1,24,10
14/10/2013,0,4,24,8
15/10/2013,0,4.7,24,8
16/10/2013,0,5.4,29,9
17/10/2013,0,4.3,29,10
18/10/2013,0,0.9,25,10
19/10/2013,19.5,0.6,25,14
20/10/2013,0.4,0.2,22,14
21/10/2013,0.1,0.3,19,14
22/10/2013,89,0.4,19,13
23/10/2013,15.5,3.3,19,11
24/10/2013,1.5,0.4,18,8
25/10/2013,3.5,2.2,24,8
26/10/2013,31.2,1.2,18,11
27/10/2013,3.5,0.5,24,8
28/10/2013,1.7,0.7,21,11
29/10/2013,1.9,0.9,21,9
30/10/2013,1.4,0.6,21,11
31/10/2013,0,1.5,24,14
01/11/2013,23.2,1.5,24,14
02/11/2013,54.7,3.9,16,15
03/11/2013,0.3,1.2,28,6
04/11/2013,0,0.8,22,8
05/11/2013,0,1.4,22,12
06/11/2013,2,1.4,22,10
07/11/2013,15,0.2,23,9
08/11/2013,3,0.8,24,9
09/11/2013,2.6,0.6,23,9
10/11/2013,8,0.8,16,9
11/11/2013,15.8,0.3,16,10
12/11/2013,163.5,NaN,16,10
13/11/2013,49.5,0.2,13,8
14/11/2013,0.5,0.4,16,12
15/11/2013,0,4.4,23,7
16/11/2013,0,2.5,23,7
17/11/2013,0,1.2,24,8
18/11/2013,0,0.9,24,8
19/11/2013,0,0.7,24,7
20/11/2013,0,2.5,20,7
21/11/2013,0,1.2,24,12
22/11/2013,0.5,0.4,19,7
23/11/2013,11,NaN,19,12
24/11/2013,0,0.9,14,9
25/11/2013,0.5,2.2,20,8
26/11/2013,2.5,1.9,21,5
27/11/2013,1,0.6,21,5
28/11/2013,0.5,0.4,21,3
29/11/2013,2,5.1,19,3
30/11/2013,0.8,2.3,11,3
01/12/2013,0,2.1,16,7
02/12/2013,0,1.4,24,7
03/12/2013,0,3.7,27,6
04/12/2013,0,2.2,26,13
05/12/2013,0,3,25,13
06/12/2013,0,2.8,25,15
07/12/2013,0.1,0.7,16,10
08/12/2013,0,1.8,22,10
09/12/2013,0,2.1,23,12
10/12/2013,2,0.5,22,10
11/12/2013,0,0.5,16,11
12/12/2013,9,0.5,16,8
13/12/2013,0,1.7,20,8
14/12/2013,5.7,1.2,25,10
15/12/2013,0,1.1,10,6
16/12/2013,0,2.2,14,5
17/12/2013,0,0.2,15,5
18/12/2013,0,1.2,14,5
19/12/2013,0,2.2,23,8
20/12/2013,0,3.8,24,12
21/12/2013,0,2.2,27,15
22/12/2013,10.3,3.9,27,15
23/12/2013,5,0.7,12,10
24/12/2013,3,0.1,18,6
25/12/2013,4.7,0.6,17,7
26/12/2013,9.2,0.1,10,6
27/12/2013,2.5,0.7,13,7
28/12/2013,1,0.5,15,7
29/12/2013,0,1.2,15,5
30/12/2013,2,1.1,15,8
31/12/2013,0.5,0.6,11,7
01/01/2014,0,0.4,15,5
02/01/2014,16.7,1.9,10,6
03/01/2014,2,0.4,9,2
04/01/2014,0,2.4,19,2
05/01/2014,3,2.6,22,2
06/01/2014,2,0.6,22,3
07/01/2014,1,0.7,14,2
08/01/2014,0,0.7,18,2
09/01/2014,0,2.7,20,5
10/01/2014,0,2.8,23,7
11/01/2014,0,1.5,20,10
12/01/2014,0,1.5,17,5
13/01/2014,3,3.7,18,6
14/01/2014,4.8,0.8,22,6
15/01/2014,1,1.7,22,3
16/01/2014,0,0.3,14,-1
17/01/2014,0,1.7,15,-1
18/01/2014,0,2.8,12,0
19/01/2014,0,1.8,16,1
20/01/2014,0,2.6,21,1
21/01/2014,0,2.4,8,5
22/01/2014,0,2,14,1
23/01/2014,1.5,1.3,24,1
24/01/2014,1,0.7,24,7
25/01/2014,0,1.8,19,4
26/01/2014,0,3.3,24,5
27/01/2014,0,3.3,25,5
28/01/2014,2,0.8,10,5
29/01/2014,0.5,0.5,9,2
30/01/2014,0,3,19,5
31/01/2014,0,3,23,6
01/02/2014,0,6.1,26,9
02/02/2014,0,5.3,26,10
03/02/2014,0,0.1,26,9
04/02/2014,0,4.3,27,7
05/02/2014,1,3.8,15,6
06/02/2014,1,1,14,6
07/02/2014,0,1.3,22,5
08/02/2014,0,0.8,19,5
09/02/2014,0,3.7,22,8
10/02/2014,0,6.1,25,7
11/02/2014,0.5,4.8,20,7
12/02/2014,0,0.3,23,7
13/02/2014,0,1.8,17,3
14/02/2014,0,3.7,20,4
15/02/2014,0,6,20,7
16/02/2014,0,2.8,20,5
17/02/2014,0,3.6,15,8
18/02/2014,0,3,20,6
19/02/2014,0,1.9,20,7
20/02/2014,0,6.6,21,5
21/02/2014,1.5,1,20,5
22/02/2014,0,1.9,19,6
23/02/2014,0,2,20,5
24/02/2014,0,3.5,22,6
25/02/2014,0,4.2,22.5,7
26/02/2014,3,2.6,22,6
27/02/2014,3.8,1,19,5
28/02/2014,0,5.5,20,3
01/03/2014,0,5.2,20,5
02/03/2014,0,5.3,22,5
03/03/2014,0.7,2,19,6
04/03/2014,0,2.3,20,5
05/03/2014,0,3.6,22,5.5
06/03/2014,1,2,20,5
07/03/2014,0,5.1,22,6
08/03/2014,0,2.9,19,6
09/03/2014,6,2.2,18,6
10/03/2014,0,1.7,22,5
11/03/2014,0,2.4,21,6
12/03/2014,4.5,6.3,22,5
13/03/2014,0.5,0.6,19,5
14/03/2014,0,2.3,23,6
15/03/2014,0,4.1,25,8
16/03/2014,10.4,4.2,32,14
17/03/2014,0.3,0.3,20,6
18/03/2014,0,5.2,30,5
19/03/2014,2.3,6.4,28,15
20/03/2014,3.8,0.2,21,15
21/03/2014,0,5,30,13
22/03/2014,0,5.6,29,13
23/03/2014,0,3.4,33,15
24/03/2014,0,2.5,25,15
25/03/2014,0,2.7,20,12
26/03/2014,1,0.3,22,13
27/03/2014,0,5.2,32,12
28/03/2014,0,5.7,30,12
29/03/2014,24.2,4.4,24,14
30/03/2014,8.2,2.2,21,14
31/03/2014,0,4.4,28,13
01/04/2014,0,5.9,31,11
02/04/2014,0,6.3,30,15
03/04/2014,0,7.4,31,17
04/04/2014,0,3.8,31,18
05/04/2014,0,4.7,31,14
06/04/2014,0,7.7,33,14
07/04/2014,8.6,0.1,22,17
08/04/2014,0,1.3,22,12
09/04/2014,0,4.3,22,7
10/04/2014,0,4.2,23,6
11/04/2014,0,4.9,28,10
12/04/2014,0,5.1,27,12
13/04/2014,0,4.7,30,15
14/04/2014,27,0.2,34,15
15/04/2014,1,0.9,19,7
16/04/2014,9,4,28,5
17/04/2014,0,3,30,15
18/04/2014,7.5,2.5,30,12
19/04/2014,0.5,0.6,30,12
20/04/2014,0,4.9,24,15
21/04/2014,0,5.1,27,10
22/04/2014,0,3.9,25,10
23/04/2014,0.5,6.6,29,12
24/04/2014,0,5.5,32,14
25/04/2014,2,6.2,27,16
26/04/2014,1.5,6.7,33,14
27/04/2014,0.5,4.6,23,15
28/04/2014,0,6,23,19
29/04/2014,0,4.8,23,17
30/04/2014,0,5.1,20,18
01/05/2014,18.5,0.1,22,19
02/05/2014,10.5,1.2,23,11
03/05/2014,0.6,0.1,25,10
04/05/2014,0.1,1.5,23,10
05/05/2014,0,6.3,23,10
06/05/2014,0,6.5,22,15
07/05/2014,0,4.5,23,17
08/05/2014,0,2.5,23,16
09/05/2014,0,5.3,23,16
10/05/2014,0,2.8,23,18
11/05/2014,1,3.5,23,18
12/05/2014,0,3.8,23,17
13/05/2014,100,2.8,23,16
14/05/2014,19,2.3,23,15
15/05/2014,12.5,1.8,23,14
16/05/2014,0,3,20,6
17/05/2014,0,5.3,23,10
18/05/2014,0,5,23,11
19/05/2014,0,6.5,23,9
20/05/2014,0,6.9,23,10
21/05/2014,0,5.1,23,9
22/05/2014,0,3.8,24,9
23/05/2014,10.5,0.6,23,13
24/05/2014,0,0.2,22,15
25/05/2014,0,2.3,23,14
26/05/2014,0,1.9,23,14
27/05/2014,0,2.1,23,14
28/05/2014,0,2.4,24,15
29/05/2014,0,2,24,14
30/05/2014,2,5.9,23,14
31/05/2014,2.2,5.2,25,15
01/06/2014,4,3,23,16
02/06/2014,0,2.2,23,12
03/06/2014,23,2.5,22,16
04/06/2014,14.3,0.6,22,16
05/06/2014,60,4.9,22,6
06/06/2014,44,4.8,22,16
07/06/2014,1.7,0.4,23,17
08/06/2014,1,1.5,23,17
09/06/2014,0,2,22,15
10/06/2014,0.1,2.2,22,17
11/06/2014,0,2.5,22,15
12/06/2014,0,4.1,22,16
13/06/2014,0,5,22,16
14/06/2014,0,3.6,22,14
15/06/2014,0,2.3,22,13
16/06/2014,0,2.7,22,13
17/06/2014,0,2,22,14
18/06/2014,0,2.7,22,15
19/06/2014,0,2.9,22,14
20/06/2014,0,4.4,22,14
21/06/2014,10.4,1.7,22,14
22/06/2014,0,2.5,22,16
23/06/2014,2.8,2.6,22,17
24/06/2014,24.5,4.6,22,16
25/06/2014,2,1.4,22,17
26/06/2014,16,2.8,22,17
27/06/2014,4.5,5.7,17,15
28/06/2014,0,2.1,22,12
29/06/2014,13.5,3,22,15
30/06/2014,6.5,0.9,22,16
01/07/2014,5,0.6,22,15
02/07/2014,40.5,2.5,22,15
03/07/2014,4.2,0.7,22,15
04/07/2014,32.9,5.5,22,16
05/07/2014,0.5,0.2,22,15
06/07/2014,2.4,0.1,22,12
07/07/2014,2.2,0.7,22,13
08/07/2014,0.1,1.6,22,11
09/07/2014,4.5,1.5,22,14
10/07/2014,1.5,1.6,22,14
11/07/2014,0,2.3,22,12
12/07/2014,1,1.7,22,10
13/07/2014,0,1.9,22,9
14/07/2014,0,2.4,22,10
15/07/2014,9,1.4,22,11
16/07/2014,2.3,1.7,23,10
17/07/2014,5.8,2.2,22,16
18/07/2014,0.1,2.6,22,16
19/07/2014,0,3,22,15
20/07/2014,0,6.9,22,13
21/07/2014,0,0.9,22,14
22/07/2014,0,3.1,22,14
23/07/2014,4.8,0.4,22,16
24/07/2014,0,2.1,24,13
25/07/2014,0,2,21,10
26/07/2014,0,2.9,20,9
27/07/2014,0,2.2,21,10
28/07/2014,0,2.8,21,10
29/07/2014,8.9,2,22,11
30/07/2014,0,3.2,20,9
31/07/2014,0,2.8,22,9
01/08/2014,0.5,13.5,25,9
02/08/2014,0,2.5,24,15
03/08/2014,0,3.8,24,10
04/08/2014,1,0.5,20,9
05/08/2014,4.5,2.3,22,16
06/08/2014,7,2,21,10
07/08/2014,8.7,0.4,22,13
08/08/2014,9.4,1.1,23,15
09/08/2014,0,2,24,13
10/08/2014,0,2.6,23,14
11/08/2014,11,1.7,20,13
12/08/2014,38.5,4.8,20,16
13/08/2014,1,0.3,19,12
14/08/2014,5.1,2.2,20,11
15/08/2014,0,4.9,20,12
16/08/2014,0,1.9,22,11
17/08/2014,0,3,23,12
18/08/2014,12.2,2,20,13
19/08/2014,0,3.7,22,12.2
20/08/2014,0,1.3,21,12
21/08/2014,0,2.2,21,10
22/08/2014,0,0.3,20,10
23/08/2014,3.1,1.2,19,10
24/08/2014,0,3,20,10
25/08/2014,0,2.7,21,11
26/08/2014,0,4.7,22,10
27/08/2014,0,2.2,23,11
28/08/2014,0,3.2,23,12
29/08/2014,0,3.5,24,11
30/08/2014,0,2.3,22,12
31/08/2014,11.2,2.2,20,13
01/09/2014,1,0.2,20,12
02/09/2014,15.8,1.9,22,13
03/09/2014,5.8,1.1,22,11
04/09/2014,4.5,1.3,22,16
05/09/2014,0,1.2,20,12
06/09/2014,0,1.8,21,10
07/09/2014,10.7,2.1,18,10
08/09/2014,5.6,2.7,17,11
09/09/2014,1,6.3,21,12
10/09/2014,8,4.6,21,12
11/09/2014,6.7,1.8,20,12
12/09/2014,1,2.7,21,12
13/09/2014,2.6,0.1,19,13
14/09/2014,4.2,3.7,18,11
15/09/2014,7.1,0.2,18,10
16/09/2014,9.5,2.2,18,13
17/09/2014,0,1.4,21,13
18/09/2014,0,3.7,22,12
19/09/2014,0,2.6,24,11
20/09/2014,1,3.5,24,14
21/09/2014,5,2.6,21,15
22/09/2014,12.5,1.9,20,16
23/09/2014,22,3.3,19,12
24/09/2014,11.3,1.9,17,11
25/09/2014,2.5,2,18,7
26/09/2014,0,1.5,20,11
27/09/2014,14.8,2.4,19,12
28/09/2014,60,NaN,29,11
29/09/2014,13.5,2.1,28,11
30/09/2014,1.3,1.6,19,12
01/10/2014,0.5,0.8,21,12
02/10/2014,0,1.3,21,13
03/10/2014,9.2,1.6,20,12
04/10/2014,12.3,1.1,18,13
05/10/2014,1.3,0.9,20,12
06/10/2014,4,1.2,21,11
07/10/2014,0,6.7,22,13
08/10/2014,0,1,19,11
09/10/2014,0,0.9,19,10
10/10/2014,0,0.2,19,9
11/10/2014,0,1.5,20,10
12/10/2014,0,1.3,19,8
13/10/2014,18,2.8,20,11
14/10/2014,39.1,0.8,21,10
15/10/2014,0,2.1,17,10
16/10/2014,0,2.5,18,10
17/10/2014,0.4,0.9,20,10
18/10/2014,20.7,0.8,19,11
19/10/2014,120,NaN,18,10
20/10/2014,60.1,0.5,18,14
21/10/2014,105.5,NaN,15,11
22/10/2014,21.6,0.7,16,12
23/10/2014,38,3.5,15,11
24/10/2014,5.5,0.7,16,11
25/10/2014,0,1,18,10
26/10/2014,0,2.4,17,6
27/10/2014,0,3.7,18,8
28/10/2014,0,2.6,21,7
29/10/2014,0,0.3,17,6
30/10/2014,9.7,0.8,14,7
31/10/2014,1.8,0.8,14,11
01/11/2014,6.5,0.5,15,7
02/11/2014,0,0.7,14,6
03/11/2014,0,0.8,15,11
04/11/2014,0,0.7,17,12
05/11/2014,0,1.9,18,10
06/11/2014,3.6,7.7,17,4
07/11/2014,1,0.7,18,8
08/11/2014,6.8,1.6,18,9
09/11/2014,0,1.4,17,12
10/11/2014,0,0.4,23,7
11/11/2014,2.5,0.6,24,9
12/11/2014,5.3,9.3,16,9
13/11/2014,5,5.1,15,10
14/11/2014,1,1.4,12,5
15/11/2014,0,1.3,21,8
16/11/2014,0.8,1,23,12
17/11/2014,4.5,0.6,23,8
18/11/2014,1.5,0.5,7,2
19/11/2014,0.5,0.4,10,5
20/11/2014,1.4,0.1,19,7
21/11/2014,0,2,22,7
22/11/2014,0,0.7,23,5
23/11/2014,0,3.6,26,7
24/11/2014,2.5,1.9,26,12
25/11/2014,4.1,0.7,22,11
26/11/2014,0,2.5,26,9
27/11/2014,0,1.5,25,2
28/11/2014,0.5,0.5,9,2
29/11/2014,0,0.7,17,5
30/11/2014,0,2.6,20,5
01/12/2014,7,1.6,20,5
02/12/2014,0,1.2,20,5
03/12/2014,0,1,20,5
04/12/2014,0,1,16,5
05/12/2014,0,1.6,21,5
06/12/2014,5.2,0.5,21,5
07/12/2014,0,0.6,14,5
08/12/2014,0.2,0.2,15,7
09/12/2014,3,0.6,14,7
10/12/2014,0.7,1.1,14,7
11/12/2014,0.1,0.4,14,7
12/12/2014,1.5,0.5,14,6
13/12/2014,0,0.8,15,7
14/12/2014,0,0.2,19,7
15/12/2014,0,2,23,8
16/12/2014,0,0.8,22,10
17/12/2014,0,0.7,24,11
18/12/2014,0,2.1,22,11
19/12/2014,0,1.1,14,9
20/12/2014,0.5,0.5,24,9
21/12/2014,0,3.2,23,9
22/12/2014,0,3.7,24,10
23/12/2014,20,5,24,9
24/12/2014,10.5,0.5,23,5
25/12/2014,0,2.9,25,6
26/12/2014,0,3.3,20,7
27/12/2014,0,1.6,23,13
28/12/2014,0.5,1,17,8
29/12/2014,0,3.5,21,7
30/12/2014,0,1.1,21,7
31/12/2014,0,1.1,21,7
01/01/2015,0,1,20,7
02/01/2015,0,1.8,22,7
03/01/2015,0,3.1,24,7
04/01/2015,8.5,0.9,23,7
05/01/2015,9,NaN,23,3
06/01/2015,8.5,0.2,22,2
07/01/2015,27,1.3,23,2
08/01/2015,4.2,0.5,23,2
09/01/2015,0,0.8,23,2
10/01/2015,0.5,0.7,11,2
11/01/2015,0,2.1,20,7
12/01/2015,0,2,19,7
13/01/2015,1.8,0.5,19,5
14/01/2015,0,2.4,16,4
15/01/2015,0.5,1.5,16,7
16/01/2015,0,0.3,13,2
17/01/2015,0,2.4,23,4
18/01/2015,0,3.6,24,8
19/01/2015,0,1.8,23,6
20/01/2015,0,2.6,23,6
21/01/2015,0,3.5,23,5
22/01/2015,0,2.4,27,6
23/01/2015,5.5,4.9,11,5
24/01/2015,0,0.3,13,3
25/01/2015,0,1.1,18,2
26/01/2015,0,1.9,19,7
27/01/2015,0,2.2,10,5
28/01/2015,0,2.1,17,7
29/01/2015,0,2.3,17,6
30/01/2015,0,0.3,14,3
31/01/2015,0,1.9,15,4
01/02/2015,0.3,2.3,28,5
02/02/2015,4,3.2,10,8
03/02/2015,0,1.7,10,8
04/02/2015,0,0.7,18,7
05/02/2015,2.8,0.2,14,4
06/02/2015,0,1.2,9,7
07/02/2015,0,1.2,15,2
08/02/2015,0,1.2,14,2
09/02/2015,0,2.8,22,4
10/02/2015,0,3.2,17,6
11/02/2015,0,4.5,20,3
12/02/2015,2.7,0.3,12,3
13/02/2015,0,0.6,13,6
14/02/2015,0.7,0.2,12,6
15/02/2015,0,1.1,18,7
16/02/2015,0,2.3,24,6
17/02/2015,0.1,1.3,21,10
18/02/2015,0.4,0.2,9,5
19/02/2015,0,0.6,11,4
20/02/2015,0,3.9,24,3
21/02/2015,0,7.1,26,9
22/02/2015,0,5.2,28,8
23/02/2015,0,2,23,10
24/02/2015,0,4.1,23,7
25/02/2015,0,2,25,7
26/02/2015,0,0.2,23,6
27/02/2015,1.2,0.8,10,4
28/02/2015,0,3.4,16,7
01/03/2015,0,1.5,18,6
02/03/2015,0,2.2,16,4
03/03/2015,0,3.5,18,6
04/03/2015,0,3.8,23,8
05/03/2015,5,2.7,26,10
06/03/2015,3.7,0.4,8,4
07/03/2015,0.5,0.3,12,5
08/03/2015,0,0.3,15,7
09/03/2015,2.4,2.8,21,7
10/03/2015,7.5,0.9,21,7
11/03/2015,20,3.8,21,7
12/03/2015,8.9,1.5,12,7
13/03/2015,1.1,0.3,19,6
14/03/2015,13.5,2.4,15,10
15/03/2015,2.5,0.4,13,12
16/03/2015,1.3,0.2,11,8
17/03/2015,0,0.2,14,8
18/03/2015,0,3,21,7
19/03/2015,0,3.2,22,12
20/03/2015,0,1.4,21,12
21/03/2015,0,0.4,21,12
22/03/2015,6.5,0.7,21,12
23/03/2015,8.2,0.2,21,12
24/03/2015,4.6,4.2,21,12
25/03/2015,0,3.1,25,11
26/03/2015,8.7,4.7,24,11
27/03/2015,6.3,0.4,14,10
28/03/2015,0,0.3,13,11
29/03/2015,0,2.3,19,8
30/03/2015,0,3.8,20,7
31/03/2015,0,4.3,23,8
01/04/2015,0,4.6,28,11
02/04/2015,0,3.9,24,8
03/04/2015,0,5.8,26,7
04/04/2015,0,3.2,25,12
05/04/2015,0,2.2,19,12
06/04/2015,0,0.6,20,7
07/04/2015,0,1.8,22,8
08/04/2015,0,3.8,20,9
09/04/2015,0,1.4,21,7
10/04/2015,4.5,0.4,20,6
11/04/2015,0,3.1,21,10
12/04/2015,0,4.2,22,9
13/04/2015,7,1,18,13
14/04/2015,2,1.5,21,13
15/04/2015,0.5,2.8,19,11
16/04/2015,0,5.5,24,12
17/04/2015,1.8,3.9,26,12
18/04/2015,1,1.2,27,14
19/04/2015,0,3.3,24,13
20/04/2015,0,3.6,21,15
21/04/2015,0,2,22,14
22/04/2015,0.1,2.8,25,14
23/04/2015,0,3.3,25,13
24/04/2015,0,5.5,26,14
25/04/2015,0,6.2,28,13
26/04/2015,0,5.3,27,15
27/04/2015,0,6.4,30,13
28/04/2015,5.4,3.2,29,15
29/04/2015,16.5,0.7,24,8
30/04/2015,7.7,1.3,18,7
01/05/2015,0.1,0.9,18,7
02/05/2015,0,3.1,17,8
03/05/2015,0,2,19,8
04/05/2015,0,0.6,19,12
05/05/2015,0,1.3,18,11
06/05/2015,0,7.7,24,12
07/05/2015,0,3.8,25,15
08/05/2015,0,4.8,25,13
09/05/2015,0,5.8,25,10
10/05/2015,0,5.4,25,11
11/05/2015,0,4.6,24,12
12/05/2015,5,4,23,14
13/05/2015,0,3,21,12
14/05/2015,4,1.2,22,11
15/05/2015,0,3,25,12
16/05/2015,0,4.7,26,13
17/05/2015,0,3.8,24,15
18/05/2015,0,3.3,26,15
19/05/2015,0,2.8,24,12
20/05/2015,0,2.5,24,12
21/05/2015,1,3.5,24,13
22/05/2015,0,3,24,11
23/05/2015,0,3.8,25,11
24/05/2015,0,0.9,24,12
25/05/2015,0,2.2,24,13
26/05/2015,0,3,24,12
27/05/2015,0.8,1.9,22,10
28/05/2015,0,1.1,21,13
29/05/2015,0,1.9,21,13
30/05/2015,0,1.8,20,12
31/05/2015,0.5,1.2,17,10
01/06/2015,1,1.6,14,10
02/06/2015,0,2.5,19,10
03/06/2015,0,1.1,21,8
04/06/2015,0,1.3,18,8
05/06/2015,17,1.6,22,9
06/06/2015,1,1.5,18,8
07/06/2015,0,2.2,22,12
08/06/2015,0,2.5,21,10
09/06/2015,0,3.2,22,10
10/06/2015,0.8,1.6,21,11
11/06/2015,0,2.3,20,8
12/06/2015,1,3.5,22,8
13/06/2015,0,2.1,20,13
14/06/2015,1,3,21,14
15/06/2015,12,3,21,13
16/06/2015,0,0.6,25,12
17/06/2015,0,2,22,12
18/06/2015,1,2.3,22,13
19/06/2015,0.2,2.2,20,11
20/06/2015,13.6,1,20,11
21/06/2015,0,2.1,21,13
22/06/2015,0.5,3,22,12
23/06/2015,0,2,22,10
24/06/2015,0,0.6,22,10
25/06/2015,0,1.4,28,10
26/06/2015,0,2,20,8
27/06/2015,0,2.1,23,12
28/06/2015,12,6,22,12
29/06/2015,0,2,22,12
30/06/2015,9.6,1.5,21,11
01/07/2015,4.2,3.2,20,12
02/07/2015,1,2.1,21,11
03/07/2015,2.5,4.1,20,12
04/07/2015,1,2.7,21,11
05/07/2015,0,2,22,10
06/07/2015,0,3.1,19,11
07/07/2015,0,2,22,11
08/07/2015,0,1.7,22,10
09/07/2015,1.5,0.7,21,10
10/07/2015,0,0.4,22,10
11/07/2015,0,2.2,24,10
12/07/2015,0,2.5,24,10
13/07/2015,0,2,24,10
14/07/2015,0,1.4,24,9
15/07/2015,0,2.6,23,9
16/07/2015,0,1.5,23,11
17/07/2015,0,1.5,21,11
18/07/2015,5,0.8,23,13
19/07/2015,0,1.7,23,12
20/07/2015,0,2.1,23,10
21/07/2015,2,3.9,23,11
22/07/2015,0,1.5,23,11
23/07/2015,0,1.6,23,11
24/07/2015,0,1.9,23,13
25/07/2015,0,2.5,23,11
26/07/2015,0,4,22,11
27/07/2015,0,2.7,24,10
28/07/2015,0,2.3,23,12
29/07/2015,5,0.2,23,11
30/07/2015,0,3.5,23,10
31/07/2015,0,1.5,24,12
01/08/2015,0,3.3,25,10
02/08/2015,0,3.2,26,12
03/08/2015,0,2.7,23,11
04/08/2015,0,1.2,21,11
05/08/2015,0,1.4,22,12
06/08/2015,0,2.4,23,10
07/08/2015,0,2.1,22,10
08/08/2015,0,1.9,24,11
09/08/2015,0,2.1,24,15
10/08/2015,0,1.4,14,10
11/08/2015,15.5,2,25,10
12/08/2015,2,3.1,25,10
13/08/2015,0,1.4,25,10
14/08/2015,0,2.5,24,8
15/08/2015,0,0.5,24,10
16/08/2015,0,2.5,24,9
17/08/2015,9,1,23,10
18/08/2015,20,2.1,22,11
19/08/2015,0,2.9,24,10
20/08/2015,0,3.2,24,11
21/08/2015,2.5,1.7,26,11
22/08/2015,4.3,1.9,20,11
23/08/2015,0,2,26,11
24/08/2015,6,4.1,26,11
25/08/2015,4,0.9,22,11
26/08/2015,26.7,0.7,27,7
27/08/2015,4.5,0.6,26,8
28/08/2015,37.1,0.3,27,11
29/08/2015,0,0.9,24,10
30/08/2015,1.5,2.3,20,12
31/08/2015,1.4,0.3,20,11
01/09/2015,6.5,NaN,21,13
02/09/2015,11.8,0.8,24,13
03/09/2015,0,1.8,24,13
04/09/2015,3.5,0.6,24,14
05/09/2015,0,2.3,23,16
06/09/2015,0,1.9,24,12
07/09/2015,0,3,24,11
08/09/2015,0,4.4,22,12
09/09/2015,0,1.6,22,12
10/09/2015,0.2,2.1,23,13
11/09/2015,0.1,2.7,24,12
12/09/2015,40,5.7,23,12
13/09/2015,2.8,0.2,24,11
14/09/2015,0,0.9,24,11
15/09/2015,5.7,2.3,24,11
16/09/2015,10.8,0.3,23,11
17/09/2015,38,3,24,11
18/09/2015,0,1.1,20,11
19/09/2015,0,2.1,26,12
20/09/2015,0,1.9,20,11
21/09/2015,4,1.9,21,11
22/09/2015,0,2.2,20,11
23/09/2015,0.5,1.7,20,12
24/09/2015,10.5,1.2,19,10
25/09/2015,15.1,2.3,20,14
26/09/2015,12,0.9,18,11
27/09/2015,4.5,0.8,19,10
28/09/2015,3.2,0.7,19,11
29/09/2015,1.8,0.4,19,11
30/09/2015,0.3,1.5,24,12
01/10/2015,10.5,2.6,29,11
02/10/2015,0,2.8,20,10
03/10/2015,0,2.9,19,7
04/10/2015,0,2,21,8
05/10/2015,0,1.9,20,6
06/10/2015,0,3.4,21,11
07/10/2015,0,1.8,21,10
08/10/2015,0,1.9,22,10
09/10/2015,1.7,1.7,21,9
10/10/2015,40.4,3.2,19,9
11/10/2015,0.1,3,19,10
12/10/2015,0,3.2,24,11
13/10/2015,0.5,2.6,24,12
14/10/2015,14.7,1.9,24,12
15/10/2015,1,1.8,25,8
16/10/2015,24.5,0.2,24,9
17/10/2015,130,NaN,24,8
18/10/2015,155.5,NaN,24,8
19/10/2015,3,0.6,14,8
20/10/2015,0,1.2,18,8
21/10/2015,1,2.1,19,11
22/10/2015,17,NaN,22,8
23/10/2015,3.3,1.1,22,11
24/10/2015,2.8,1.3,24,10
25/10/2015,0.8,1.6,23,11
26/10/2015,0,0.9,23,11
27/10/2015,0,1.3,23,10
28/10/2015,0.6,1.5,23,11
29/10/2015,2.3,3.1,22,11
30/10/2015,0,1.5,23,14
31/10/2015,0,2,25,15
01/11/2015,1.8,0.2,25,15
02/11/2015,0,1.4,23,12
03/11/2015,0,1.2,24,10
04/11/2015,0.1,2.1,20,11
05/11/2015,1.7,0.8,19,10
06/11/2015,0,1.1,19,8
07/11/2015,45.2,4.9,24,8
08/11/2015,58,0.3,14,8
09/11/2015,0.8,0.8,17,13
10/11/2015,0,NaN,19,11
11/11/2015,0,2.9,21,11
12/11/2015,7.9,0.3,19,11
13/11/2015,16.3,0.9,19,11
14/11/2015,13.5,0.1,18,10
15/11/2015,2.3,0.9,18,9
16/11/2015,0,1.6,19,10
17/11/2015,0,2.8,25,12
18/11/2015,0,0.5,25,15
19/11/2015,2,1.9,25,12
20/11/2015,0,0.8,25,12
21/11/2015,78.3,NaN,25,12
22/11/2015,5,0.9,25,10
23/11/2015,0.7,0.2,10,8
24/11/2015,0.8,0.3,15,8
25/11/2015,0,0.2,18,8
26/11/2015,1,0.8,16,8
27/11/2015,0,1,18,9
28/11/2015,2.2,NaN,24,8
29/11/2015,0,1.1,18,11
30/11/2015,0,0.1,18,7
01/12/2015,0,1.5,18,6
02/12/2015,4.5,0.9,18,10
03/12/2015,3.5,1.2,9,7
04/12/2015,3,0.7,11,7
05/12/2015,2.6,0.3,9,7
06/12/2015,4.5,NaN,10,7
07/12/2015,0,1.6,14,7
08/12/2015,0,0.6,14,8
09/12/2015,0,2.9,20,7
10/12/2015,0,1.6,20,9
11/12/2015,0,4.3,22,9
12/12/2015,0,2.2,24,9
13/12/2015,0,2.6,24,9
14/12/2015,0,2.4,24,9
15/12/2015,0,4.5,24,9
16/12/2015,0,1.1,22,9
17/12/2015,1.1,0.4,15,9
18/12/2015,4.2,NaN,15,8
19/12/2015,1.6,0.5,14,6
20/12/2015,0,1.3,15,6
21/12/2015,0,2.4,23,8
22/12/2015,0,1.8,22,6
23/12/2015,0,3.1,24,6
24/12/2015,0,3.1,24,6
25/12/2015,0,3.2,25,6
26/12/2015,0,4,24,6
27/12/2015,0,3,22,6
28/12/2015,0,3.1,27,8
29/12/2015,0,3.3,24,6
30/12/2015,0,2.6,24,13
31/12/2015,1,0.9,22,8
01/01/2016,3,0.7,14,8
02/01/2016,0.4,0.3,14,8
03/01/2016,0.5,2.5,14,7
04/01/2016,6.7,0.8,8,6
05/01/2016,0,0.8,14,4
06/01/2016,0,0.5,15,6
07/01/2016,0,1.2,16,6
08/01/2016,0,6.8,24,6
09/01/2016,1.2,0.4,23,7
10/01/2016,1.2,0.2,24,6
11/01/2016,0,2.9,24,4
12/01/2016,0.8,1,10,4
13/01/2016,0.3,0.9,13,4
14/01/2016,0,0.6,21,5
15/01/2016,0,3.2,20,7
16/01/2016,0,2.1,20,11
17/01/2016,0,1.4,20,5
18/01/2016,0.5,0.6,19,3
19/01/2016,0,NaN,10,4
20/01/2016,0,1.3,17,5
21/01/2016,3.5,5.1,22,7
22/01/2016,0,0.5,22,5
23/01/2016,0,2.1,22,1
24/01/2016,0,4,22,1
25/01/2016,0,3.6,25,1
26/01/2016,0,2.3,24,10
27/01/2016,2.5,NaN,24,9
28/01/2016,0,1.7,25,1
29/01/2016,0,1.8,16,0
30/01/2016,0,4.3,22,6
31/01/2016,0,4,24,6
01/02/2016,0,4.8,25,6
02/02/2016,0,5.3,30,6
03/02/2016,1.3,0.3,22,6
04/02/2016,2.7,0.1,30,4
05/02/2016,0.5,0.2,29,2
06/02/2016,0.3,0.1,14,2
07/02/2016,0,1.7,12,1
08/02/2016,0,2.5,7,2
09/02/2016,0.4,0.2,12,5
10/02/2016,0.9,0.1,8,4
11/02/2016,0,2.3,13,3
12/02/2016,0,2.7,15,4
13/02/2016,0,1.4,13,4
14/02/2016,0,3.4,19,4
15/02/2016,0,4.2,22,4
16/02/2016,0,3.2,24,9
17/02/2016,0,4.9,18,8
18/02/2016,0,5.7,20,4
19/02/2016,0,1.6,26,6
20/02/2016,0,1.5,17,7
21/02/2016,0,1.9,23,6
22/02/2016,0,1.6,18,7
23/02/2016,0,2.5,23,8
24/02/2016,1.5,1.5,27,9
25/02/2016,0,0.4,20,2
26/02/2016,2,0.3,9,5
27/02/2016,0,0.1,12,6
28/02/2016,0,2.8,18,7
29/02/2016,0,3.3,18,7
01/03/2016,0.2,1.3,18,7
02/03/2016,0,1.1,16,11
03/03/2016,0,2.7,21,11
04/03/2016,17,0.3,14,11
05/03/2016,0,3.9,18,7
06/03/2016,0,1.1,18,10
07/03/2016,0,6.1,24,7
08/03/2016,0,5.9,25,15
09/03/2016,2,3.6,20,14
10/03/2016,3,4.1,20,7
11/03/2016,0,3.8,20,7
12/03/2016,0,2.3,23,7
13/03/2016,0,9.1,24,8
14/03/2016,0,3.7,25,8
15/03/2016,0,5.7,25,14
16/03/2016,0,3.9,27,12
17/03/2016,0,5.2,26,13
18/03/2016,0,3,23,13
19/03/2016,5.6,1.5,19,14
20/03/2016,2,NaN,20,9
21/03/2016,6.1,1.1,10,8
22/03/2016,0,4.2,21,6
23/03/2016,0,3.2,23,8
24/03/2016,0,4.2,24,9
25/03/2016,0,2.5,25,10
26/03/2016,0,3,24,10
27/03/2016,0,4.3,26,14
28/03/2016,0,0.6,20,15
29/03/2016,0,4.4,25,14
30/03/2016,0,5.2,26,15
31/03/2016,0,3.9,28,16
01/04/2016,3.5,5.3,30,18
02/04/2016,4.5,0.4,18,9
03/04/2016,0.5,1.5,11,7
04/04/2016,0,1.9,17,6
05/04/2016,0,2.5,21,9
06/04/2016,0,2.6,25,11
07/04/2016,0,2.8,22,8
08/04/2016,0,3.3,17,10
09/04/2016,0,1,16,10
10/04/2016,0,2,22,10
11/04/2016,0,3.9,27,12
12/04/2016,0,4,25,16
13/04/2016,0,0.1,26,17
14/04/2016,3,5,23,18
15/04/2016,0,4,24,14
16/04/2016,0,2,22,12
17/04/2016,0,3.7,28,18
18/04/2016,4.5,2.1,21,14
19/04/2016,12.1,3.2,23,12
20/04/2016,8.7,2.3,24,11
21/04/2016,2.8,4.7,24,11
22/04/2016,0.4,2.4,23,11
23/04/2016,1,0.9,26,10
24/04/2016,0,4.1,22,11
25/04/2016,0,2.5,25,10
26/04/2016,0,3.6,27,15
27/04/2016,0,7.8,28,15
28/04/2016,0,6.1,24,15
29/04/2016,0,7.1,29,16
30/04/2016,0,6.2,28,19
01/05/2016,0,6.3,26,18
02/05/2016,1,3,22,15
03/05/2016,7,1,17,14
04/05/2016,2.5,0.6,16,15
05/05/2016,1.2,0.1,16,14
06/05/2016,0,2,17,11
07/05/2016,0,2,21,11
08/05/2016,0,3,24,12
09/05/2016,2.2,4.2,26,13
10/05/2016,0,3,23,15
11/05/2016,0,4,23,14
12/05/2016,0,3,22,14
13/05/2016,0,1.5,20,14
14/05/2016,0,2.5,20,15
15/05/2016,0.5,2.6,20,12
16/05/2016,0,2,21,15
17/05/2016,0,2.7,26,15
18/05/2016,1.5,2.4,25,16
19/05/2016,0,3.2,25,14
20/05/2016,6,1.5,22,15
21/05/2016,0,3,23,12
22/05/2016,0,3.8,25,15
23/05/2016,0,2.3,28,15
24/05/2016,0,2.3,26,16
25/05/2016,0,3.7,25,15
26/05/2016,0,1.9,22,15
27/05/2016,0,2.4,27,16
28/05/2016,0,3.4,28,16
29/05/2016,0,1.1,21,15
30/05/2016,0,3,25,14
31/05/2016,0,1.5,17,16
01/06/2016,16,1.4,19,14
02/06/2016,0,1.1,23,12
03/06/2016,7.8,3.6,23,12
04/06/2016,8,2.2,22,13
05/06/2016,5.5,1.3,22,10
06/06/2016,0.4,2.5,22,12
07/06/2016,3.3,5.3,21,13
08/06/2016,0,1.8,22,13
09/06/2016,6.5,2.2,23,13
10/06/2016,1,2.9,22,12
11/06/2016,12,4.8,24,13
12/06/2016,4.7,4.2,22,15
13/06/2016,7.9,8.3,22,12
14/06/2016,1.1,5.2,22,13
15/06/2016,1,2.1,24,13
16/06/2016,0,4.3,22,14
17/06/2016,0.2,3.8,23,14
18/06/2016,3.3,2.8,22,10
19/06/2016,20.4,0.8,22,11
20/06/2016,34,3.8,16,14
21/06/2016,6.3,0.3,17,14
22/06/2016,0.5,0.8,18,10
23/06/2016,0,7.1,20,10
24/06/2016,1,0.5,21,9
25/06/2016,0,0.9,21,10
26/06/2016,0.6,0.5,19,10
27/06/2016,1.2,1.3,22,13
28/06/2016,0.3,3.4,22,12
29/06/2016,0.3,2.2,21,11
30/06/2016,0,1.4,20,11
01/07/2016,10.5,4.2,20,10
02/07/2016,4.5,1.4,22,12
03/07/2016,0,5.3,22,13
04/07/2016,5.5,6.8,22,12
05/07/2016,0,5.9,22,11
06/07/2016,0,3.1,21,12
07/07/2016,0,2,22,13
08/07/2016,0,0.9,22,12
09/07/2016,0,3.8,21,12
10/07/2016,0,2.6,21,12
11/07/2016,16.5,NaN,21,11
12/07/2016,0,3.3,21,12
13/07/2016,0,2.2,21,11
14/07/2016,0,2.9,21,11
15/07/2016,0,1.9,21,11
16/07/2016,0,3.9,21,10
17/07/2016,0.3,1.4,21,11
18/07/2016,32,6.5,19,10
19/07/2016,28,1.6,19,10
20/07/2016,62.5,NaN,21,10
21/07/2016,12,0.8,22,10
22/07/2016,6,2.6,21,11
23/07/2016,1.5,4.9,22,12
24/07/2016,0,2.2,21,11
25/07/2016,0,1.9,19,12
26/07/2016,0,2.6,20,10
27/07/2016,0.3,0.7,20,11
28/07/2016,2.3,2.4,21,12
29/07/2016,0,3.5,21,10
30/07/2016,10,0.9,23,11
31/07/2016,0,1.6,20,11
01/08/2016,3.7,2.4,19,11
02/08/2016,0,1.6,20,10
03/08/2016,0,2.3,30,11
04/08/2016,1.1,2.4,20,16
05/08/2016,148,NaN,15,11
06/08/2016,6,5.5,19,14
07/08/2016,10.5,3.3,24,15
08/08/2016,1,0.5,25,12
09/08/2016,0,2.7,25,16
10/08/2016,0,2.8,25,18
11/08/2016,0,4,25,14
12/08/2016,0,5.5,19,14
13/08/2016,0,4.7,24,13
14/08/2016,0,2.3,21,12
15/08/2016,0,3.2,22,11
16/08/2016,1,0.6,19,11
17/08/2016,0.2,1.2,19,13
18/08/2016,0,1.6,19,14
19/08/2016,0.1,2.7,20,13
20/08/2016,0,3.9,24,13
21/08/2016,2,4.9,20,14
22/08/2016,1,NaN,22,10
23/08/2016,12,0.6,18,11
24/08/2016,0,0.5,20,10
25/08/2016,0.5,3.1,20,10
26/08/2016,0,2.1,20,10
27/08/2016,0.3,1.7,19,10
28/08/2016,0,2.7,20,7
29/08/2016,0,2.8,21,11
30/08/2016,0,3.9,21,8
31/08/2016,0,2.5,22,12
01/09/2016,6.6,0.8,21,6
02/09/2016,21,2.1,20,11
03/09/2016,31.3,1.9,18,12
04/09/2016,30.1,2.1,19,14
05/09/2016,0,1.2,19,13
06/09/2016,0,2.8,20,12
07/09/2016,0,2.5,20,9
08/09/2016,0,3.3,20,10
09/09/2016,0,3.2,21,10
10/09/2016,5.7,2.2,21,11
11/09/2016,3.5,2.2,20,10
12/09/2016,0,3.1,21,13
13/09/2016,1,2.1,21,13
14/09/2016,6,3.4,21,13
15/09/2016,3.5,2.8,22,14
16/09/2016,0,2,20,12
17/09/2016,0,1.6,22,13
18/09/2016,0,2,22,12
19/09/2016,2,0.8,21,15
20/09/2016,7.1,2,20,19
21/09/2016,32,2.4,18,11
22/09/2016,0,1.2,18,11
23/09/2016,0,1.2,20,11
24/09/2016,0,1.2,20,12
25/09/2016,2.2,3.4,20,13
26/09/2016,8,0.6,19,12
27/09/2016,100,NaN,18,12
28/09/2016,20,0.3,18,15
29/09/2016,18,1.1,17,10
30/09/2016,7.2,2.1,18,12
01/10/2016,0,0.6,20,12
02/10/2016,0,1,28,14
03/10/2016,0,1.6,18,12
04/10/2016,0,3.4,22,12
05/10/2016,0,2.3,22,12
06/10/2016,0,2.1,21,12
07/10/2016,3.3,2.7,18,8
08/10/2016,82,6.2,19,11
09/10/2016,40,1.4,17,6
10/10/2016,4.8,2.2,17,12
11/10/2016,0.5,0.3,18,11
12/10/2016,3,0.9,19,8
13/10/2016,0,1.3,20,11
14/10/2016,0,3,18,12
15/10/2016,0,2.6,20,11
16/10/2016,0,1.5,19,12
17/10/2016,0,0.3,19,8
18/10/2016,0,1.3,18,10
19/10/2016,0,2.3,21,10
20/10/2016,8.8,0.6,18,9
21/10/2016,91.5,NaN,18,11
22/10/2016,5,0.4,18,8
23/10/2016,3.5,0.1,14,7
24/10/2016,0,1.2,15,8
25/10/2016,0.5,NaN,15,7
26/10/2016,1,NaN,17,10
27/10/2016,12.5,2.5,16,8
28/10/2016,24,1.3,14,10
29/10/2016,3.7,1.2,16,10
30/10/2016,2.8,2.1,17,9
31/10/2016,1,0.6,15,9
01/11/2016,0.6,0.1,20,10
02/11/2016,0,3.6,20,10
03/11/2016,5.5,0.4,20,11
04/11/2016,6.6,4.7,20,11
05/11/2016,17,2.6,13,10
06/11/2016,0,2.4,17,6
07/11/2016,0,0.7,18,9
08/11/2016,15.7,1,18,8
09/11/2016,11.4,0.9,18,9
10/11/2016,1.5,0.9,13,10
11/11/2016,10.5,0.7,15,9
12/11/2016,8.5,0.2,20,10
13/11/2016,2,1.2,15,10
14/11/2016,2.6,0.2,16,11
15/11/2016,6,1,14,11
16/11/2016,3.3,0.5,14,11
17/11/2016,0,0.7,18,10
18/11/2016,24,2,20,10
19/11/2016,61.5,5.1,14,11
20/11/2016,11,0.9,13,8
21/11/2016,0,0.7,13,8
22/11/2016,0,0.2,15,7
23/11/2016,0,1.3,17,7
24/11/2016,0,0.9,16,6
25/11/2016,3.8,1.5,16,5
26/11/2016,0,1.3,17,6
27/11/2016,0,1.4,23,8
28/11/2016,0,1.5,22,10
29/11/2016,0,5.3,26,11
30/11/2016,1.7,1.1,22,15
01/12/2016,0,4.1,21,10
02/12/2016,0,4.8,22,10
03/12/2016,0,1.6,25,12
04/12/2016,0,3.8,25,15
05/12/2016,0,4.3,26,14
06/12/2016,0,1.4,24,14
07/12/2016,0,1.6,21,12
08/12/2016,13.7,2.9,18,11
09/12/2016,14.4,0.8,12,9
10/12/2016,5.5,0.6,14,10
11/12/2016,0,0.9,14,11
12/12/2016,0,2,20,10
13/12/2016,0,3.7,21,10
14/12/2016,0.3,NaN,20,10
15/12/2016,0,1.8,15,10
16/12/2016,0,1.8,20,11
17/12/2016,0,3.5,25,10
18/12/2016,1.3,0.9,21,13
19/12/2016,7,0.2,21,9
20/12/2016,5,NaN,21,8
21/12/2016,0,1.7,20,8
22/12/2016,0,0.7,20,11
23/12/2016,0,1.3,21,7
24/12/2016,0,0.6,19,7
25/12/2016,0,3,28,9
26/12/2016,0,1,20,11
27/12/2016,0,1.4,17,10
28/12/2016,0,1.6,18,9
29/12/2016,20.1,1.3,17,8
30/12/2016,6,1.3,13,7
31/12/2016,0,2.2,15,10
01/01/2017,0,3.3,22,10
02/01/2017,0,0.7,22,10
03/01/2017,0,3.7,21,10
04/01/2017,0,2.2,19,10
05/01/2017,0,4.3,26,10
06/01/2017,1.5,3.6,26,11
07/01/2017,2,0.4,7,5
08/01/2017,0.5,0.3,7,2
09/01/2017,0.1,0.2,9,2
10/01/2017,0,2,15,2
11/01/2017,0,1.7,17,5
12/01/2017,0,4.1,19,7
13/01/2017,0,0.2,14,8
14/01/2017,0,0.2,14,6
15/01/2017,0,1.8,17,6
16/01/2017,0,3.1,20,10
17/01/2017,0,3.5,19,11
18/01/2017,0,1.7,19,9
19/01/2017,0,1.9,21,9
20/01/2017,0,6.1,25,9
21/01/2017,0,5.7,27,11
22/01/2017,0,5.2,22,14
23/01/2017,0,1.9,17,6
24/01/2017,0,7.1,25,6
25/01/2017,0,3,25,11
26/01/2017,0.2,0.3,25,10
27/01/2017,0,0.2,18,8
28/01/2017,4.5,0.9,9,6
29/01/2017,2,0.9,14,4
30/01/2017,0,0.4,10,4
31/01/2017,0,3,18,4
01/02/2017,2,2.2,20,5
02/02/2017,0,1.1,19,9
03/02/2017,2,1,19,8
04/02/2017,0,1.7,19,8
05/02/2017,0,0.6,16,7
06/02/2017,0,4.2,20,9
07/02/2017,0,5.2,24,10
08/02/2017,0,4.1,25,10
09/02/2017,0,3.2,18,10
10/02/2017,0,0.9,18,7
11/02/2017,0,3,18,12
12/02/2017,0,3.1,20,8
13/02/2017,0,3.6,19,8
14/02/2017,0,2,24,8
15/02/2017,4,0.9,24,10
16/02/2017,0,1.9,23,8
17/02/2017,0,4.2,23,7
18/02/2017,0,7.9,23,7
19/02/2017,0,4.3,24,10
20/02/2017,2.5,3.5,24,9
21/02/2017,0,1.8,18,8
22/02/2017,0,4.6,20,6
23/02/2017,0,6.3,22,7
24/02/2017,0,5.4,24,7
25/02/2017,0,6.1,26,8
26/02/2017,0,1.9,24,9
27/02/2017,0,3.8,25,9
28/02/2017,0,2,20,9
01/03/2017,0,4.1,25,9
02/03/2017,1.5,0.6,20,9
03/03/2017,6.5,0.5,25,9
04/03/2017,2,0.2,14,8
05/03/2017,0,1.7,16,7
06/03/2017,0,2,23,7
07/03/2017,0,4.8,22,8
08/03/2017,0,3.1,17,10
09/03/2017,2,2.5,18,10
10/03/2017,0,4.3,22,10
11/03/2017,6.5,4.1,19,11
12/03/2017,12.6,3.5,18,12
13/03/2017,2.4,3.5,18,9
14/03/2017,4.5,0.6,18,10
15/03/2017,1,0.3,16,9
16/03/2017,0,1.6,16,10
17/03/2017,0,0.8,15,8
18/03/2017,0,3.2,15,7
19/03/2017,0,2,16,8
20/03/2017,0,2.9,17,6
21/03/2017,0,3.1,19,7
22/03/2017,0,2.8,19,6
23/03/2017,0,4.2,19,5
24/03/2017,0,2.6,20,6
25/03/2017,0,2.4,20,10
26/03/2017,0,1,20,9
27/03/2017,0,3.1,21,10
28/03/2017,0,4.7,26,5
29/03/2017,0,3.2,20,11
30/03/2017,0,3.9,29,10
31/03/2017,0,4.8,25,10
01/04/2017,0,5.2,29,17
02/04/2017,0,4.9,29,16
03/04/2017,0,3.5,29,15
04/04/2017,0,3.5,29,15
05/04/2017,5,3.4,25,15
06/04/2017,0,3.1,29,10
07/04/2017,0,2.5,20,8
08/04/2017,0,3.5,17,7
09/04/2017,0,3.1,23,8
10/04/2017,0,2.9,22,8
11/04/2017,0,2.9,20,10
12/04/2017,0,2.1,21,10
13/04/2017,0,2.9,17,8
14/04/2017,0,3.2,20,7
15/04/2017,0,3.5,22,9
16/04/2017,0,0.4,21,10
17/04/2017,6.5,1.4,20,7
18/04/2017,0,2.7,19,9
19/04/2017,0,2.2,18,9
20/04/2017,0,4,19,9
21/04/2017,0,3.5,20,10
22/04/2017,0,6.2,22,10
23/04/2017,2.4,3.2,17,11
24/04/2017,0,2.5,22,10
25/04/2017,0,3.9,27,10
26/04/2017,0,2.8,28,12
27/04/2017,0,2,25,15
28/04/2017,0,3.5,28,15
29/04/2017,0,3.4,31,18
30/04/2017,0,3.1,21,19
01/05/2017,0,1.9,20,11
02/05/2017,0,3,23,10
03/05/2017,0,3,28,13
04/05/2017,7.3,1.3,18,16
05/05/2017,0,3.1,17,10
06/05/2017,0,2,20,10
07/05/2017,0,3.1,23,10
08/05/2017,1,1,22,10
09/05/2017,0,1.9,20,12
10/05/2017,0,3,23,13
11/05/2017,0,3,25,13
12/05/2017,21,8,22,14
13/05/2017,11.5,3.3,24,14
14/05/2017,0.5,1.8,24,14
15/05/2017,0,2.9,24,14
16/05/2017,0,3,25,14
17/05/2017,0,4,28,15
18/05/2017,0,2.1,25,17
19/05/2017,0,2.7,25,17
20/05/2017,0,2.3,25,16
21/05/2017,0,3,21,15
22/05/2017,0,3,23,15
23/05/2017,12.5,2.5,24,16
24/05/2017,5.5,3.3,24,16
25/05/2017,0,2.1,23,14
26/05/2017,0,1.1,24,14
27/05/2017,0,3.4,23,15
28/05/2017,0,4.5,23,14
29/05/2017,62,3.1,21,14
30/05/2017,12,1.2,15,14
31/05/2017,14.5,5.2,17,14
01/06/2017,5.2,0.3,17,14
02/06/2017,8.5,0.5,18,14
03/06/2017,0,4.4,21,13
04/06/2017,0,6.4,23,12
05/06/2017,0,5.1,25,11
06/06/2017,0,5.3,25,11
07/06/2017,4.2,2.4,21,14
08/06/2017,0,5,21,14
09/06/2017,0,5.3,21,13
10/06/2017,0,2.6,21,12
11/06/2017,0,5.6,20,14
12/06/2017,0,2.5,22,14
13/06/2017,5.5,1.7,23,13
14/06/2017,6,0.9,24,13
15/06/2017,0,2,23,14
16/06/2017,0,2.3,21,13
17/06/2017,0,5.3,22,12
18/06/2017,0,4.5,22,11
19/06/2017,0,4.3,20,12
20/06/2017,0,5.8,22,12
21/06/2017,0,5.9,23,11
22/06/2017,0,6.5,25,13
23/06/2017,0,3.8,20,13
24/06/2017,1.5,5.9,24,12
25/06/2017,13,3.6,24,12
26/06/2017,5.2,0.7,24,12
27/06/2017,21,1.4,21,13
28/06/2017,13.5,2.6,21,15
29/06/2017,0,2.3,21,14
30/06/2017,3,1.5,18,14
01/07/2017,1,2,19,14
02/07/2017,1.7,2.8,20,11
03/07/2017,0,0.7,20,11
04/07/2017,0,4.1,20,11
05/07/2017,0.5,3.6,20,12
06/07/2017,1.3,2.7,18,11
07/07/2017,20,2.8,18,6
08/07/2017,21.5,3,18,11
09/07/2017,19,3.2,16,10
10/07/2017,3.3,1,17,11
11/07/2017,6.5,2,20,12
12/07/2017,0,2.6,20,13
13/07/2017,0,1.2,20,11
14/07/2017,20,6.1,18,11
15/07/2017,0,3.2,18,10
16/07/2017,0,5.4,18,11
17/07/2017,0,4.6,21,10
18/07/2017,1.5,6.8,21,13
19/07/2017,0,4.1,21,12
20/07/2017,6.8,0.8,18,12
21/07/2017,0,3.7,20,12
22/07/2017,0,2.3,21,12
23/07/2017,0,1.3,20,12
24/07/2017,0,1.1,20,13
25/07/2017,0,2.5,20,13
26/07/2017,0,1,18,13
27/07/2017,0,1.5,21,13
28/07/2017,0,2.2,21,11
29/07/2017,0,5,22,11
30/07/2017,0,3.9,22,13
31/07/2017,0,4.8,21,12
01/08/2017,0,2.5,21,12
02/08/2017,0,4.1,21,11
03/08/2017,1.5,1.7,21,12
04/08/2017,0.7,2.8,21,13
05/08/2017,0,2.2,21,13
06/08/2017,0,5.3,22,13
07/08/2017,0,4,22,14
08/08/2017,0,2.9,22,13
09/08/2017,281,NaN,16,13
10/08/2017,7,1.9,17,15
11/08/2017,0,0.7,19,12
12/08/2017,0,1.4,18,11
13/08/2017,0,4.9,21,12
14/08/2017,0,3.9,22,11
15/08/2017,0,3,22,13
16/08/2017,1.5,4.1,23,14
17/08/2017,0,3,25,13
18/08/2017,1.5,4,25,13
19/08/2017,0,4.1,26,12
20/08/2017,0,3,21,13
21/08/2017,1.5,4.3,20,11
22/08/2017,7.5,2.2,20,10
23/08/2017,8.1,3.5,20,9
24/08/2017,0,4.1,22,13
25/08/2017,0,6.1,23,11
26/08/2017,0,4.4,15,2
27/08/2017,25,5.2,21,12
28/08/2017,20,0.1,20,14
29/08/2017,3.7,0.6,20,14
30/08/2017,7,0.2,20,13
31/08/2017,12.5,2.4,20,13
01/09/2017,22.5,2.4,17,6
02/09/2017,33.5,3.5,17,15
03/09/2017,35.5,5.5,17,14
04/09/2017,8.5,0.4,18,13
05/09/2017,24,1.5,21,13
06/09/2017,36,NaN,21,14
07/09/2017,41.2,3,17,14
08/09/2017,166.8,NaN,20,13
09/09/2017,62,2,20,13
10/09/2017,60,NaN,20,11
11/09/2017,0,1.3,21,8
12/09/2017,0,2.2,21,11
13/09/2017,0,3.3,21,10
14/09/2017,0,3.2,21,8
15/09/2017,0,2,24,11
16/09/2017,0,3.1,23,7
17/09/2017,0,2.9,20,13
18/09/2017,0,2,21,14
19/09/2017,0,2,21,11
20/09/2017,3,3.9,21,11
21/09/2017,3,7,21,12
22/09/2017,0.3,0.3,21,13
23/09/2017,7.5,1.5,20,12
24/09/2017,1,1.8,20,14
25/09/2017,0.5,0.6,20,14
26/09/2017,0,2.2,21,14
27/09/2017,3.5,0.5,18,14
28/09/2017,12,1.1,17,14
29/09/2017,83,NaN,18,14
30/09/2017,111,NaN,17,14
01/10/2017,53,0.7,18,14
02/10/2017,53.5,0.4,18,15
03/10/2017,15,0.6,18,14
04/10/2017,49,0.9,17,14
05/10/2017,2.5,0.9,18,13
06/10/2017,10,1.9,17,13
07/10/2017,0,2.1,19,13
08/10/2017,1.5,3.4,20,12
09/10/2017,0,1.9,24,11
10/10/2017,21,2.8,24,10
11/10/2017,40,NaN,24,9
12/10/2017,10.5,0.4,20,10
13/10/2017,24,4,24,14
14/10/2017,0,0.3,24,10
15/10/2017,1.5,1.1,22,10
16/10/2017,92.5,NaN,21,10
17/10/2017,1,0.9,19,12
18/10/2017,0,1.3,22,10
19/10/2017,0,3.7,19,12
20/10/2017,0,2.7,19,11
21/10/2017,0,3.4,23,10
22/10/2017,1,4.7,21,11
23/10/2017,60,4.8,20,12
24/10/2017,28.5,8.2,21,12
25/10/2017,11,1.4,20,10
26/10/2017,0,5.6,16,7
27/10/2017,10,3.8,23,7
28/10/2017,1.5,1.3,14,8
29/10/2017,0,0.8,16,7
30/10/2017,0,1.2,22,7
31/10/2017,0,4.6,22,7
01/11/2017,0,4.2,26,7
02/11/2017,0,2.5,23,10
03/11/2017,0,2.1,20,10
04/11/2017,0,2,21,8
05/11/2017,0,2.6,19,9
06/11/2017,0,4.7,20,9
07/11/2017,0,2.4,21,10
08/11/2017,0,1.9,17,8
09/11/2017,5.7,1.2,17,9
10/11/2017,4.5,0.2,18,9
11/11/2017,0,0.9,19,9
12/11/2017,2,0.8,17,8
13/11/2017,10.5,0.1,17,8
14/11/2017,0,1.2,17,8
15/11/2017,0,3.1,18,8
16/11/2017,0,4,19,11
17/11/2017,0,3.2,19,12
18/11/2017,7,1.8,23,10
19/11/2017,12,0.9,23,8
20/11/2017,0,0.8,22,7
21/11/2017,0,0.8,22,6
22/11/2017,0,1.7,22,10
23/11/2017,0,1.5,21,16
24/11/2017,0,2.5,19,4
25/11/2017,0,3.6,21,6
26/11/2017,0,1.4,22,6
27/11/2017,0,2.5,21,5
28/11/2017,0,1.4,18,5
29/11/2017,0,NaN,15,6
30/11/2017,0,2.7,15,4
01/12/2017,0,1.9,15,5
02/12/2017,0,0.4,14,4
03/12/2017,0,0.9,15,5
04/12/2017,0,0.1,14,9
05/12/2017,0,3.9,15,10
06/12/2017,0.1,2.1,20,8
07/12/2017,1.7,0.2,21,8
08/12/2017,1,0.2,21,3
09/12/2017,0,1.7,9,-1
10/12/2017,0,2.2,9,-1
11/12/2017,0,0.6,4,-1
12/12/2017,0,2,13,-3
13/12/2017,0,2,12,3
14/12/2017,0,6.8,21,3
15/12/2017,1,1.5,14,3
16/12/2017,0,0.3,20,6
17/12/2017,0,2.5,21,6
18/12/2017,0,2.5,22,5
19/12/2017,0,4.1,22,6
20/12/2017,0,5,21,10
21/12/2017,0,4.9,21,10
22/12/2017,0,5,21,10
23/12/2017,1,NaN,21,10
24/12/2017,0,1,22,7
25/12/2017,0,1.9,14,8
26/12/2017,0,3,20,8
27/12/2017,0,5,15,7
28/12/2017,0.1,1.1,17,8
29/12/2017,0,1,14,8
30/12/2017,0,1.6,15,7
31/12/2017,0,6.5,18,9
01/01/2018,4,0.6,12,9
02/01/2018,0.1,0.1,12,7
03/01/2018,1.1,NaN,12,7
04/01/2018,0,NaN,10,3
05/01/2018,0,1,15,5
06/01/2018,0,2,14,3
07/01/2018,0,1.9,18,4
08/01/2018,0,3,17,6
09/01/2018,0,4.1,18,4
10/01/2018,0,2,23,3
11/01/2018,0.1,1,26,5
12/01/2018,0,NaN,25,5
13/01/2018,2,NaN,25,2
14/01/2018,1.5,1.5,25,2
15/01/2018,0,1,10,3
16/01/2018,8,2,14,4
17/01/2018,1,0.1,12,4
18/01/2018,0.3,0.2,11,4
19/01/2018,0,2.4,18,6
20/01/2018,0,3.7,19,5
21/01/2018,0,2.5,21,10
22/01/2018,2,1,21,8
23/01/2018,2.5,0.9,15,10
24/01/2018,5.5,0.5,9,8
25/01/2018,5,0.5,10,7
26/01/2018,2.5,0.4,13,6
27/01/2018,11.5,0.5,12,6
28/01/2018,60,4,13,8
29/01/2018,34.5,4.5,10,7
30/01/2018,0,0.9,9,0
31/01/2018,0,1,12,0
01/02/2018,0,4,22,0
02/02/2018,1,1.1,16,0
03/02/2018,0,0.9,20,8
04/02/2018,0,3,20,7
05/02/2018,0,2.9,22,11
06/02/2018,0,2.2,21,9
07/02/2018,2.5,2.2,20,9
08/02/2018,7,0.2,20,10
09/02/2018,5,0.3,20,12
10/02/2018,0,1.6,20,10
11/02/2018,0,3.9,22,9
12/02/2018,0,2,20,10
13/02/2018,0,0.9,20,10
14/02/2018,0,4.9,20,10
15/02/2018,0,5.7,20,10
16/02/2018,0,2.4,18,10
17/02/2018,0,4.1,17,6
18/02/2018,0,3,16,7
19/02/2018,0,1.9,22,6
20/02/2018,0,1.1,21,5
21/02/2018,0,1.2,22,12
22/02/2018,0,3.8,20,12
23/02/2018,0,2.1,22,11
24/02/2018,0,2.6,22,9
25/02/2018,0,2.7,23,9
26/02/2018,0,4.5,22,12
27/02/2018,0,3.9,22,10
28/02/2018,0,4.3,24,11
01/03/2018,5.5,4,25,13
02/03/2018,0,2.4,24,10
03/03/2018,0,1.8,17,6
04/03/2018,0,2.2,20,7
05/03/2018,0,4,22,10
06/03/2018,0.5,2.4,22,11
07/03/2018,8.5,0.6,22,10
08/03/2018,0.5,1,22,10
09/03/2018,0,5.7,23,10
10/03/2018,0,6.7,24,10
11/03/2018,4,5.3,27,14
12/03/2018,10,1.3,27,13
13/03/2018,2,0.1,22,10
14/03/2018,2.5,NaN,15,10
15/03/2018,1.6,3.5,22,10
16/03/2018,0,5.3,25,10
17/03/2018,0,5.9,24,10
18/03/2018,0,5,27,10
19/03/2018,0,2.2,28,16
20/03/2018,2,2.1,24,12
21/03/2018,4,3.1,17,10
22/03/2018,8,7.8,15,12
23/03/2018,0,3.9,15,9
24/03/2018,0,3.4,22,8
25/03/2018,0,4.9,24,8
26/03/2018,0,6.3,25,11
27/03/2018,0,6.3,25,11
28/03/2018,0,5.8,24,15
29/03/2018,13,4.2,23,12
30/03/2018,0,4.5,24,10
31/03/2018,0,3.4,23,8
01/04/2018,0,5.3,21,9
02/04/2018,0,6.7,23,10
03/04/2018,1.5,3.8,25,10
04/04/2018,14.5,0.3,26,12
05/04/2018,0,2.6,25,12
06/04/2018,0,4.6,24,12
07/04/2018,0,3,28,13
08/04/2018,0,3.1,27,11
09/04/2018,0,5.6,26,10
10/04/2018,2,1.9,26,14
11/04/2018,0.5,0.9,17,10
12/04/2018,0,2.2,21,10
13/04/2018,0,5.1,27,10
14/04/2018,0,4,27,12
15/04/2018,0,3,27,7
16/04/2018,0,3.2,14,7
17/04/2018,0,7.6,22,9
18/04/2018,0,4.9,26,10
19/04/2018,0,5.1,25,10
20/04/2018,0,5,24,10
21/04/2018,0,5.1,25,9
22/04/2018,0,4.2,25,10
23/04/2018,0,3.7,18,10
24/04/2018,0,2.1,21,13
25/04/2018,19,3.9,22,13
26/04/2018,0,4.9,22,13
27/04/2018,5,7.9,22,13
28/04/2018,2.5,0.9,20,14
29/04/2018,0.3,2.3,20,11
30/04/2018,2,4,20,10
01/05/2018,0,4.7,21,11
02/05/2018,0,4.2,20,10
03/05/2018,0,5.9,20,12
04/05/2018,12.5,2.4,24,11
05/05/2018,5.5,0.7,25,12
06/05/2018,4,0.2,25,11
07/05/2018,0.5,1.4,17,11
08/05/2018,0,2,17,13
09/05/2018,0,5,19,10
10/05/2018,0,5,20,9
11/05/2018,0,6.1,23,10
12/05/2018,0,5.7,25,9
13/05/2018,0,2.2,21,9
14/05/2018,0,5,24,13
15/05/2018,0,6.1,21,10
16/05/2018,0,5.9,20,12
17/05/2018,0,4.9,25,9
18/05/2018,0,3.5,23,9
19/05/2018,0,9.5,25,10
20/05/2018,0,2,20,10
21/05/2018,0,4.5,20,11
22/05/2018,0,5.1,20,14
23/05/2018,0,3.4,20,13
24/05/2018,0,3,20,13
25/05/2018,0,3.5,21,13
26/05/2018,0,3.8,20,14
27/05/2018,0,3.7,23,13
28/05/2018,0,8.8,20,12
29/05/2018,0,7.9,20,11
30/05/2018,0,7.1,20,13
31/05/2018,0,6.2,23,13
01/06/2018,0,3.7,20,13
02/06/2018,0,5,20,11
03/06/2018,9,1.9,20,13
04/06/2018,0,2.2,21,11
05/06/2018,0,3.9,22,10
06/06/2018,0,6,20,11
07/06/2018,0,2.8,20,11
08/06/2018,0,6.7,21,10
09/06/2018,0,4.4,20,10
10/06/2018,0,5.5,21,13
11/06/2018,0,5.1,22,13
12/06/2018,5,4.1,26,12
13/06/2018,8,3.9,20,10
14/06/2018,2.5,1,18,10
15/06/2018,22.6,1.9,20,10
16/06/2018,2.5,3.4,26,9
17/06/2018,1,2,20,10
18/06/2018,23.5,1.4,22,10
19/06/2018,0,2,22,15
20/06/2018,55,3.1,25,10
21/06/2018,1,2.8,20,15
22/06/2018,3,1.4,24,12
23/06/2018,0,4.1,23,13
24/06/2018,0,5.1,20,13
25/06/2018,2,1.4,23,13
26/06/2018,0,2,22,12
27/06/2018,0.3,2.4,22,16
28/06/2018,20,0.9,22,12
29/06/2018,0.1,1.6,22,11
30/06/2018,0,2.9,21,19
01/07/2018,0,2.6,21,10
02/07/2018,0,3.1,20,12
03/07/2018,0,3.3,20,13
04/07/2018,0,3.6,22,12
05/07/2018,3.2,8.1,21,11
06/07/2018,9,8.1,18,11
07/07/2018,1,1,20,13
08/07/2018,0,0.2,20,11
09/07/2018,0,1.9,20,11
10/07/2018,0,3,21,10
11/07/2018,0,3,20,10
12/07/2018,7.1,4.2,21,9
13/07/2018,1,3.4,22,9
14/07/2018,0,3.5,21,10
15/07/2018,0,3.2,21,11
16/07/2018,0,3.9,20,10
17/07/2018,0,3,21,10
18/07/2018,0,4.2,22,11
19/07/2018,0,4.7,23,11
20/07/2018,0,4,21,11
21/07/2018,0,3.8,22,10
22/07/2018,0,5.5,21,11
23/07/2018,0,4.7,22.5,12
24/07/2018,0,5.8,21,11
25/07/2018,0,2,22,13
26/07/2018,0,2.4,20,12
27/07/2018,0.1,3.2,20,11
28/07/2018,0,2.4,20,11
29/07/2018,0,3,21,11
30/07/2018,0,3.6,21,12
31/07/2018,0,5,21,13
01/08/2018,2.5,6.5,21,11
02/08/2018,10.5,2.5,24,11
03/08/2018,0,7,20,10
04/08/2018,2,0.1,21,10
05/08/2018,2.5,1.4,21,11
06/08/2018,0,2,20,12
07/08/2018,0,2,20,10
08/08/2018,0,2,21,11
09/08/2018,3.8,2.6,20,10
10/08/2018,21.5,5.6,21,10
11/08/2018,1.5,2.4,21,11
12/08/2018,0,2.1,21,11
13/08/2018,0,1,20,11
14/08/2018,1.5,4.5,21,11
15/08/2018,0,2.1,20,11
16/08/2018,0,2.4,20,10
17/08/2018,0,2.5,20,10
18/08/2018,0,2.8,21,10
19/08/2018,0.5,3.5,21,12
20/08/2018,4.5,1.8,21,10
21/08/2018,0.1,3,22,10
22/08/2018,3.5,2.5,22,11
23/08/2018,0,2,22,12
24/08/2018,0,3,21,12
25/08/2018,0,2.9,21,11
26/08/2018,0,3,21,12
27/08/2018,0,3.1,20,11
28/08/2018,2,6.9,21,11
29/08/2018,18,5,21,11
30/08/2018,15,1,22,11
31/08/2018,0,0.1,21,12
01/09/2018,0,4.9,20,11
02/09/2018,0,4.2,20,11
03/09/2018,0,4.1,20,10
04/09/2018,0,2.6,21,12
05/09/2018,0,3.2,20,11
06/09/2018,0,5.6,20,11
07/09/2018,0,2,21,12
08/09/2018,0,2.9,20,11
09/09/2018,0,3.1,21,10
10/09/2018,6.5,2.4,22,11
11/09/2018,3,0.9,20,12
12/09/2018,14.7,0.9,21,14
13/09/2018,0,2,21,14
14/09/2018,0,2.4,20,11
15/09/2018,2.5,5,20,10
16/09/2018,0,2.7,21,12
17/09/2018,0,2.3,21,12
18/09/2018,0,2,20,13
19/09/2018,0,2.9,20,11
20/09/2018,10,3,21,11
21/09/2018,0,2.1,20,12
22/09/2018,1,3.4,20,12
23/09/2018,2,4.5,20,11
24/09/2018,1.5,4.3,20,11
25/09/2018,0,2.7,20,11
26/09/2018,0,3.5,20,11
27/09/2018,0.5,2.6,20,11
28/09/2018,0,2.2,20,12
29/09/2018,5,2.7,18,11
30/09/2018,4.4,1.9,22,10
01/10/2018,4.2,0.8,22,10
02/10/2018,24.5,4.4,22,12
03/10/2018,5.5,0.6,22,13
04/10/2018,0,1.9,20,12
05/10/2018,1,3,20,12
06/10/2018,0,3,20,12
07/10/2018,0,3.5,20,11
08/10/2018,0,2.5,21,12
09/10/2018,0,3,20,11
10/10/2018,9.3,2.1,24,11
11/10/2018,5,1.3,24,14
12/10/2018,0,1.9,20,12
13/10/2018,0,3.1,20,11
14/10/2018,0,1.9,19,10
15/10/2018,0,2,21,13
16/10/2018,5,1.1,21,14
17/10/2018,32,1.9,15,11
18/10/2018,22.5,0.2,14,13
19/10/2018,14.5,0.8,18,11
20/10/2018,125,NaN,16,12
21/10/2018,44.5,2.5,15,14
22/10/2018,1,0.9,15,12
23/10/2018,1,0.5,16,13
24/10/2018,0,1.7,20,12
25/10/2018,0,3.2,21,12
26/10/2018,0.5,1,19,12
27/10/2018,35.5,1.8,19,12
28/10/2018,10,0.6,19,12
29/10/2018,3.5,0.3,19,12
30/10/2018,0,0.6,19,12
31/10/2018,0,1.6,34,12
01/11/2018,6.5,1.2,22,14
02/11/2018,23.5,1.8,22,11
03/11/2018,3.5,0.5,17,11
04/11/2018,1.5,1.2,18,12
05/11/2018,0,0.4,22,11
06/11/2018,0,3.3,22,13
07/11/2018,0,2.3,21,13
08/11/2018,0,2.6,21,11
09/11/2018,14.7,0.8,18,11
10/11/2018,0.5,2.1,15,10
11/11/2018,0,1.4,21,10
12/11/2018,6,2.2,23,12
13/11/2018,10.7,1.1,12,8
14/11/2018,10.5,0.6,12,-3
15/11/2018,0,0.4,9,-3
16/11/2018,0,2.5,15,3
17/11/2018,0,1.5,18,5
18/11/2018,0,2.9,19,8
19/11/2018,0,0.8,19,9
20/11/2018,0.1,0.4,19,12
21/11/2018,0,1,17,10
22/11/2018,0,2.2,18,12
23/11/2018,0,4,24,8
24/11/2018,0,4,24,11
25/11/2018,1.5,3.1,25,10
26/11/2018,3.3,0.3,20,11
27/11/2018,0,1.2,20,6
28/11/2018,0,0.9,17,6
29/11/2018,0,1.2,17,8
30/11/2018,0,4.8,23,11
01/12/2018,0,4.1,21,16
02/12/2018,0,5.4,25,14
03/12/2018,3,0.6,25,13
04/12/2018,4,0.6,26,12
05/12/2018,11,0.7,14,11
06/12/2018,0.5,0.3,15,11
07/12/2018,0,1.4,16,9
08/12/2018,3.5,0.9,20,9
09/12/2018,1.5,0.6,20,10
10/12/2018,1,0.6,20,4
11/12/2018,0.5,0.3,20,6
12/12/2018,0,2.2,20,6
13/12/2018,0.4,7,24,6
14/12/2018,0.5,0.2,18,8
15/12/2018,0,1.6,13,3
16/12/2018,0,0.3,11,2
17/12/2018,0,2.5,16,4
18/12/2018,0,4.7,20,11
19/12/2018,0,1.2,21,6
20/12/2018,0,2.5,15,9
21/12/2018,0,2.2,14,2
22/12/2018,0,4,21,2
23/12/2018,0,2.1,17,7
24/12/2018,0,2.1,15,3
25/12/2018,0,1.3,16,5
26/12/2018,0,3.4,19,8
27/12/2018,0,4.6,22,11
28/12/2018,0,3,22,13
29/12/2018,0,1.1,22,10
30/12/2018,0,0.8,22,10
31/12/2018,0,1.1,23,10
01/01/2019,0,0.2,16,7
02/01/2019,0,1.7,16,9
03/01/2019,0,1.1,18,9
04/01/2019,0,1.1,18,9
05/01/2019,0,1.9,14,8
06/01/2019,0,4.5,20,11
07/01/2019,0,4.6,22,9
08/01/2019,0,2.8,18,5
09/01/2019,4,0.5,12,5
10/01/2019,0,0.6,12,8
11/01/2019,0,2,20,7
12/01/2019,5,7.8,18,7
13/01/2019,4.5,0.6,18,9
14/01/2019,0,0.8,18,13
15/01/2019,0,1.9,13,5
16/01/2019,0,1.8,14,5
17/01/2019,0,1.5,15,6
18/01/2019,0,3,18,12
19/01/2019,8.2,0.3,21,7
20/01/2019,0,0.9,17,4
21/01/2019,0,5,18,3
22/01/2019,0,4,25,4
23/01/2019,0.5,1.5,18,8
24/01/2019,0,2,18,3
25/01/2019,1.5,0.5,14,3
26/01/2019,6,0.9,16,5
27/01/2019,0.5,1.5,11,7
28/01/2019,0,0.2,18,6
29/01/2019,2,0.5,12,6
30/01/2019,0,1.4,14,5
31/01/2019,0,2,14,5
01/02/2019,0,2.8,16,10
02/02/2019,0,5.2,27,10
03/02/2019,0,2.8,23,15
04/02/2019,0,3.2,23,5
05/02/2019,0,3,22,12
06/02/2019,0,3,22,11
07/02/2019,12.5,0.6,24,14
08/02/2019,12,1,23,13
09/02/2019,1,0.1,18,10
10/02/2019,0,1.9,17,7
11/02/2019,0,3.6,22,8
12/02/2019,16.5,1.9,22,10
13/02/2019,0,2.7,12,5
14/02/2019,0,3.3,23,6
15/02/2019,0,2.7,24,4
16/02/2019,0,4,24,14
17/02/2019,0,6,30,8
18/02/2019,0.3,1.9,31,15
19/02/2019,0,3.5,28,11
20/02/2019,0,4,22,17
21/02/2019,0,4.4,25,11
22/02/2019,0,5.6,28,16
23/02/2019,2,4,23,15
24/02/2019,5,0.1,19,13
25/02/2019,0,2.8,17,10
26/02/2019,0,3.7,21,11
27/02/2019,0,5.3,21,12
28/02/2019,0,4.5,25,11
01/03/2019,0,6.6,20,11
02/03/2019,0,4.9,24,10
03/03/2019,0,3.9,28,13
04/03/2019,0,2,19,14
05/03/2019,0.8,0.9,12,11
06/03/2019,0,1,12,7
07/03/2019,0,3,23,11
08/03/2019,0,4.9,20,11
09/03/2019,0,5.2,20,13
10/03/2019,0,3.7,26,13
11/03/2019,0,6.2,21,11
12/03/2019,0,4.8,19,12
13/03/2019,0,4.3,28,10
14/03/2019,0.3,5.8,25,12
15/03/2019,5,NaN,NaN,NaN
16/03/2019,1,0.2,12,10
17/03/2019,2,0.9,14,9
18/03/2019,10.5,1.3,12,10
19/03/2019,1,0.2,13,8
20/03/2019,0.2,0.2,13,9
21/03/2019,2,0.4,11,8
22/03/2019,1.5,0.8,14,10
23/03/2019,0,2.2,21,11
24/03/2019,0,4.8,22,9
25/03/2019,0,3.5,21,12
26/03/2019,0,3.7,18,7
27/03/2019,0,5,16,6
28/03/2019,0,3,17,6
29/03/2019,0,3,NaN,NaN
30/03/2019,4.5,0.6,24,8
31/03/2019,3,0.3,26,10
01/04/2019,0.5,1,25,7
02/04/2019,0,1.1,18,7
03/04/2019,1.5,2.6,22,8
04/04/2019,0,2.7,25,12
05/04/2019,0,3.2,22,13
06/04/2019,0,3,25,14
07/04/2019,0,4.2,26,15
08/04/2019,3,0.7,25,14
09/04/2019,0,2,18,10
10/04/2019,0,4.3,25,9
11/04/2019,0,4.7,23,12
12/04/2019,0,4.9,29,20
13/04/2019,0.5,5.5,29,14
14/04/2019,0.5,2.5,15,10
15/04/2019,0,3,19,12
16/04/2019,0,4.9,25,8
17/04/2019,0,5,26,15
18/04/2019,0,4.9,27,17
19/04/2019,0,3.9,20,10
20/04/2019,0,6,20,8
21/04/2019,0,3.1,25,10
22/04/2019,0,4.8,24,9
23/04/2019,0,4.2,20,15
24/04/2019,0,4.8,21,11
25/04/2019,0,2.2,20,13
26/04/2019,0,3.1,20,10
27/04/2019,0,4.8,20,9
28/04/2019,0,3.6,28,13
29/04/2019,0,3.4,28,10
30/04/2019,0,3.1,22,11
01/05/2019,0,5.1,24,10
02/05/2019,0,3.9,25,14
03/05/2019,0,5,26,14
04/05/2019,0,6.1,27,14
05/05/2019,10.6,0.4,18,15
06/05/2019,0,4.3,27,14
07/05/2019,0,4.7,22,15
08/05/2019,0,4.7,30,14
09/05/2019,0,5.2,31,18
10/05/2019,0,6.2,24,19
11/05/2019,0,6,22,13
12/05/2019,0,6.1,24,12
13/05/2019,0,6.1,20,11
14/05/2019,0,4,22,12
15/05/2019,0.5,4.1,20,14
16/05/2019,0,4.8,21,13
17/05/2019,0,3.5,24,12
18/05/2019,0,3.9,24,13
19/05/2019,0,4.1,24,19
20/05/2019,0,2.9,24,20
21/05/2019,0,6.2,29,20
22/05/2019,0,4.8,28,15
23/05/2019,0,4.2,23,13
24/05/2019,0,5.8,22,12
25/05/2019,0,3.8,21,13
26/05/2019,0,4.6,22,12
27/05/2019,0,5,21,11
28/05/2019,0,5.4,23,11
29/05/2019,0,4.9,24,14
30/05/2019,8.7,3.1,24,15
31/05/2019,27,7.6,21,14
01/06/2019,24,4.1,21,14
02/06/2019,23,2.9,20,14
03/06/2019,33.5,3.4,20,14
04/06/2019,9.5,1.6,20,14
05/06/2019,9.5,7.6,22,15
06/06/2019,2.5,0.6,25,20
07/06/2019,0.5,2.3,24,17
08/06/2019,0,2.9,22,13
09/06/2019,0,3,23,16
10/06/2019,3.5,4.5,26,14
11/06/2019,0,3.3,19,11
12/06/2019,4,0.9,21,12
13/06/2019,1,1.5,21,12
14/06/2019,0,3.6,20,11
15/06/2019,0,1.8,21,12
16/06/2019,0,4.2,21,11
17/06/2019,0,2.8,20,1
18/06/2019,8.5,1.5,25,12
19/06/2019,0,5.7,26,14
20/06/2019,0,4.1,24,13
21/06/2019,0,2.5,23,15
22/06/2019,12.5,0.5,25,15
23/06/2019,1.2,2.1,20,15
24/06/2019,1,3.9,19,15
25/06/2019,9,2,26,13
26/06/2019,1.5,3.6,21,16
27/06/2019,1.5,3.6,20,10
28/06/2019,6.5,2.6,19,11
29/06/2019,0.5,2.3,18,11
30/06/2019,13.5,6.7,21,10
01/07/2019,7,1.9,20,10
02/07/2019,1.5,3.7,21,10
03/07/2019,3.5,1.4,22,14
04/07/2019,0,3,22,10
05/07/2019,0,2,21,10
06/07/2019,0.5,3.4,20,11
07/07/2019,0,2,21,10
08/07/2019,0,2.5,21,13
09/07/2019,2,4.4,21,12
10/07/2019,16.5,0.6,21,11
11/07/2019,0,2,21,10
12/07/2019,4,2,22,10
13/07/2019,0,3,22,14
14/07/2019,0.5,3.6,21,12
15/07/2019,0,2.9,20,14
16/07/2019,0.1,3,23,12
17/07/2019,0,3.1,22,12
18/07/2019,0.5,3.5,22,12
19/07/2019,0.2,2.6,21,12
20/07/2019,1,4.5,21,11
21/07/2019,0.5,4,22,12
22/07/2019,0,3.3,21,13
23/07/2019,1,3.7,21,12
24/07/2019,0.5,3.1,22,12
25/07/2019,2,4,20,13
26/07/2019,4,0.4,18,11
27/07/2019,0,3.4,21,11
28/07/2019,0,3.1,18,11
29/07/2019,0,3,21,10
30/07/2019,0,4,21,8
31/07/2019,1,4,20,11
01/08/2019,0,2.9,21,11
02/08/2019,0,2.9,22,11
03/08/2019,0,4.1,23,12
04/08/2019,4.5,2.6,24,11
05/08/2019,0,3,24,12
06/08/2019,7,3.9,20,12
07/08/2019,0,2,21,11
08/08/2019,0,2.1,21,11
09/08/2019,0,2.9,21,14
10/08/2019,0.5,5.4,21,11
11/08/2019,5,2.9,22,10
12/08/2019,0,2.6,22,11
13/08/2019,NaN,NaN,NaN,12
